timestamp,close_a,close_b
2026-04-15T08:00:00Z,259.09,395.18
2026-04-15T08:01:00Z,258.74,394.67
2026-04-15T08:03:00Z,258.78,395.18
2026-04-15T08:04:00Z,258.7,395.33
2026-04-15T08:06:00Z,258.83,395.74
2026-04-15T08:07:00Z,258.83,395.8
2026-04-15T08:12:00Z,258.83,396.1
2026-04-15T08:15:00Z,258.85,395.9
2026-04-15T08:16:00Z,258.86,395.6142
2026-04-15T08:17:00Z,258.86,395.96
2026-04-15T08:27:00Z,258.9003,395.9
2026-04-15T08:29:00Z,258.96,396
2026-04-15T08:30:00Z,258.93,396.15
2026-04-15T08:31:00Z,258.89,396.1
2026-04-15T08:33:00Z,258.99,396.25
2026-04-15T08:34:00Z,259.19,396.35
2026-04-15T08:35:00Z,259.11,396.36
2026-04-15T08:36:00Z,258.98,396.33
2026-04-15T08:39:00Z,259,396.49
2026-04-15T08:41:00Z,258.96,396.55
2026-04-15T08:43:00Z,258.96,396.86
2026-04-15T08:45:00Z,258.95,396.3
2026-04-15T08:47:00Z,258.85,396.62
2026-04-15T08:51:00Z,258.95,396.15
2026-04-15T08:54:00Z,258.99,396.3
2026-04-15T09:04:00Z,258.987,396.35
2026-04-15T09:05:00Z,258.9154,396.19
2026-04-15T09:08:00Z,258.75,396.4
2026-04-15T09:11:00Z,258.76,396.31
2026-04-15T09:12:00Z,258.9,396.3
2026-04-15T09:14:00Z,258.8,396.4429
2026-04-15T09:16:00Z,258.84,396.4
2026-04-15T09:17:00Z,258.87,396.41
2026-04-15T09:18:00Z,258.86,396.29
2026-04-15T09:19:00Z,258.9,396.12
2026-04-15T09:20:00Z,258.87,396.2
2026-04-15T09:25:00Z,258.83,396.21
2026-04-15T09:27:00Z,258.75,396.47
2026-04-15T09:33:00Z,258.8,396.25
2026-04-15T09:38:00Z,258.85,396.33
2026-04-15T09:39:00Z,258.8,396.2
2026-04-15T09:46:00Z,258.9,396.27
2026-04-15T09:50:00Z,258.82,396.13
2026-04-15T09:54:00Z,258.86,396.09
2026-04-15T10:05:00Z,258.87,396.22
2026-04-15T10:06:00Z,258.9,396.4111
2026-04-15T10:10:00Z,258.89,396.77
2026-04-15T10:16:00Z,258.7,396.66
2026-04-15T10:17:00Z,258.7,396.61
2026-04-15T10:22:00Z,258.62,396.21
2026-04-15T10:31:00Z,258.6235,396.09
2026-04-15T10:32:00Z,258.65,395.88
2026-04-15T10:33:00Z,258.7,395.72
2026-04-15T10:35:00Z,258.63,395.7
2026-04-15T10:37:00Z,258.5366,395.99
2026-04-15T10:38:00Z,258.65,395.68
2026-04-15T10:40:00Z,258.64,395.84
2026-04-15T10:41:00Z,258.78,395.87
2026-04-15T10:47:00Z,258.9,396.5697
2026-04-15T10:48:00Z,258.81,396.25
2026-04-15T10:56:00Z,258.8,395.55
2026-04-15T11:00:00Z,258.737,395.57
2026-04-15T11:01:00Z,258.75,395.8
2026-04-15T11:02:00Z,259,395.73
2026-04-15T11:03:00Z,258.8592,395.77
2026-04-15T11:04:00Z,258.7,395.66
2026-04-15T11:05:00Z,258.94,395.59
2026-04-15T11:06:00Z,258.8,395.85
2026-04-15T11:10:00Z,258.89,395.9
2026-04-15T11:11:00Z,258.9,395.7645
2026-04-15T11:12:00Z,258.8605,395.8604
2026-04-15T11:13:00Z,258.85,395.67
2026-04-15T11:14:00Z,258.9,395.8
2026-04-15T11:15:00Z,258.9,395.65
2026-04-15T11:17:00Z,258.72,395.74
2026-04-15T11:18:00Z,258.7,395.73
2026-04-15T11:19:00Z,258.6469,395.55
2026-04-15T11:20:00Z,258.6617,395.7565
2026-04-15T11:21:00Z,258.7256,395.61
2026-04-15T11:23:00Z,258.71,395.75
2026-04-15T11:25:00Z,258.72,395.75
2026-04-15T11:27:00Z,258.75,396.0782
2026-04-15T11:28:00Z,258.7,396.03
2026-04-15T11:29:00Z,258.83,395.98
2026-04-15T11:30:00Z,258.83,396.25
2026-04-15T11:31:00Z,258.77,396.34
2026-04-15T11:32:00Z,258.7,396.37
2026-04-15T11:33:00Z,258.65,396.3648
2026-04-15T11:36:00Z,258.8,396.2695
2026-04-15T11:38:00Z,258.8,396.4
2026-04-15T11:40:00Z,258.67,396.3501
2026-04-15T11:41:00Z,258.65,396.31
2026-04-15T11:42:00Z,258.6,396.4
2026-04-15T11:43:00Z,258.57,396.4136
2026-04-15T11:44:00Z,258.57,396.1629
2026-04-15T11:45:00Z,258.596,396.1825
2026-04-15T11:46:00Z,258.55,396.45
2026-04-15T11:47:00Z,258.48,396.5
2026-04-15T11:48:00Z,258.58,396.41
2026-04-15T11:49:00Z,258.6,396.7
2026-04-15T11:50:00Z,258.6,396.7
2026-04-15T11:51:00Z,258.5,396.69
2026-04-15T11:53:00Z,258.55,396.78
2026-04-15T11:54:00Z,258.48,397.13
2026-04-15T11:55:00Z,258.43,396.97
2026-04-15T11:57:00Z,258.3894,396.94
2026-04-15T11:58:00Z,258.26,396.7016
2026-04-15T11:59:00Z,258.37,396.71
2026-04-15T12:00:00Z,258.4,396.4344
2026-04-15T12:01:00Z,258.25,396.41
2026-04-15T12:02:00Z,258.3,396.35
2026-04-15T12:03:00Z,258.32,396.49
2026-04-15T12:04:00Z,258.394,396.17
2026-04-15T12:05:00Z,258.25,396.17
2026-04-15T12:06:00Z,258.3,396.2
2026-04-15T12:07:00Z,258.37,396.25
2026-04-15T12:08:00Z,258.3989,396.1
2026-04-15T12:09:00Z,258.4,395.99
2026-04-15T12:11:00Z,258.3,395.82
2026-04-15T12:13:00Z,258.3049,396.0169
2026-04-15T12:14:00Z,258.34,396
2026-04-15T12:15:00Z,258.3399,396.02
2026-04-15T12:16:00Z,258.31,396.0405
2026-04-15T12:17:00Z,258.307,396.25
2026-04-15T12:18:00Z,258.32,396.35
2026-04-15T12:19:00Z,258.4,396.45
2026-04-15T12:20:00Z,258.38,396.4
2026-04-15T12:21:00Z,258.3735,396.5
2026-04-15T12:23:00Z,258.34,396.38
2026-04-15T12:24:00Z,258.32,396.49
2026-04-15T12:25:00Z,258.36,396.5701
2026-04-15T12:26:00Z,258.34,396.4
2026-04-15T12:27:00Z,258.36,396.56
2026-04-15T12:28:00Z,258.3909,396.48
2026-04-15T12:29:00Z,258.38,396.7488
2026-04-15T12:31:00Z,258.4,396.75
2026-04-15T12:32:00Z,258.4,396.86
2026-04-15T12:33:00Z,258.4,396.84
2026-04-15T12:34:00Z,258.37,396.8
2026-04-15T12:35:00Z,258.38,396.8
2026-04-15T12:36:00Z,258.33,396.79
2026-04-15T12:37:00Z,258.3349,396.79
2026-04-15T12:38:00Z,258.3408,396.89
2026-04-15T12:40:00Z,258.37,397.16
2026-04-15T12:41:00Z,258.35,397.23
2026-04-15T12:42:00Z,258.32,397.32
2026-04-15T12:43:00Z,258.37,396.91
2026-04-15T12:44:00Z,258.3981,396.8
2026-04-15T12:46:00Z,258.4,396.8866
2026-04-15T12:47:00Z,258.4,396.77
2026-04-15T12:48:00Z,258.4,396.8
2026-04-15T12:49:00Z,258.4,396.9096
2026-04-15T12:50:00Z,258.3919,397
2026-04-15T12:51:00Z,258.36,397.03
2026-04-15T12:52:00Z,258.3996,397.02
2026-04-15T12:53:00Z,258.38,397.1
2026-04-15T12:54:00Z,258.3942,397.3
2026-04-15T12:55:00Z,258.4,397.28
2026-04-15T12:56:00Z,258.37,397.29
2026-04-15T12:57:00Z,258.39,397.25
2026-04-15T12:58:00Z,258.39,397.3848
2026-04-15T12:59:00Z,258.37,397.26
2026-04-15T13:00:00Z,258.392,397.213
2026-04-15T13:01:00Z,258.37,397.32
2026-04-15T13:02:00Z,258.32,397.2491
2026-04-15T13:03:00Z,258.3981,397.32
2026-04-15T13:04:00Z,258.4,397.25
2026-04-15T13:05:00Z,258.36,396.93
2026-04-15T13:06:00Z,258.4,397
2026-04-15T13:07:00Z,258.3986,396.8
2026-04-15T13:08:00Z,258.35,396.8672
2026-04-15T13:09:00Z,258.2,396.94
2026-04-15T13:10:00Z,258.2,396.88
2026-04-15T13:11:00Z,258.18,396.85
2026-04-15T13:12:00Z,258.16,396.75
2026-04-15T13:13:00Z,258.0162,396.75
2026-04-15T13:14:00Z,258.1281,396.55
2026-04-15T13:15:00Z,258.15,396.58
2026-04-15T13:16:00Z,258.14,396.5
2026-04-15T13:17:00Z,258.13,396.49
2026-04-15T13:18:00Z,258.1237,396.4
2026-04-15T13:19:00Z,258.1302,396.42
2026-04-15T13:20:00Z,258.17,396.35
2026-04-15T13:21:00Z,258.25,396.5
2026-04-15T13:22:00Z,258.3,396.58
2026-04-15T13:23:00Z,258.3,396.64
2026-04-15T13:24:00Z,258.34,396.5002
2026-04-15T13:25:00Z,258.6,397.75
2026-04-15T13:26:00Z,258.58,398.0005
2026-04-15T13:27:00Z,258.22,398.34
2026-04-15T13:28:00Z,258.02,398.55
2026-04-15T13:29:00Z,258.09,397.69
2026-04-15T13:30:00Z,259.25,397.72
2026-04-15T13:31:00Z,259.7125,397.17
2026-04-15T13:32:00Z,259.81,398
2026-04-15T13:33:00Z,259.26,399.695
2026-04-15T13:34:00Z,259.63,400.025
2026-04-15T13:35:00Z,259.84,399.76
2026-04-15T13:36:00Z,259.936,400.77
2026-04-15T13:37:00Z,259.89,400.68
2026-04-15T13:38:00Z,260.13,401.2
2026-04-15T13:39:00Z,260.115,400.9
2026-04-15T13:40:00Z,259.5,401.9499
2026-04-15T13:41:00Z,259.69,401.75
2026-04-15T13:42:00Z,259.225,402.84
2026-04-15T13:43:00Z,258.81,402.485
2026-04-15T13:44:00Z,258.545,402.07
2026-04-15T13:45:00Z,258.665,401.865
2026-04-15T13:46:00Z,258.65,402.13
2026-04-15T13:47:00Z,258.62,402.5
2026-04-15T13:48:00Z,258.19,401.88
2026-04-15T13:49:00Z,258.026,402.1401
2026-04-15T13:50:00Z,258.27,403.265
2026-04-15T13:51:00Z,258.4686,403.825
2026-04-15T13:52:00Z,258.3399,403.42
2026-04-15T13:53:00Z,258.41,403.52
2026-04-15T13:54:00Z,258.35,402.805
2026-04-15T13:55:00Z,258.6801,402.3301
2026-04-15T13:56:00Z,258.755,401.9715
2026-04-15T13:57:00Z,258.865,402.0975
2026-04-15T13:58:00Z,258.9,402.2375
2026-04-15T13:59:00Z,258.66,402.67
2026-04-15T14:00:00Z,258.74,402.91
2026-04-15T14:01:00Z,259.145,403.155
2026-04-15T14:02:00Z,259.21,403.2501
2026-04-15T14:03:00Z,259.2,403.745
2026-04-15T14:04:00Z,259.1,403.51
2026-04-15T14:05:00Z,259.16,403.68
2026-04-15T14:06:00Z,259.35,404.03
2026-04-15T14:07:00Z,259.2151,404.33
2026-04-15T14:08:00Z,259.44,404.87
2026-04-15T14:09:00Z,259.45,405.16
2026-04-15T14:10:00Z,259.62,405.26
2026-04-15T14:11:00Z,259.685,405.52
2026-04-15T14:12:00Z,259.86,405.0383
2026-04-15T14:13:00Z,259.995,405.19
2026-04-15T14:14:00Z,260.1599,405.7777
2026-04-15T14:15:00Z,260.69,406.4899
2026-04-15T14:16:00Z,260.95,406.44
2026-04-15T14:17:00Z,260.85,406.11
2026-04-15T14:18:00Z,260.7,406.5
2026-04-15T14:19:00Z,260.85,405.5288
2026-04-15T14:20:00Z,260.676,405.4
2026-04-15T14:21:00Z,260.6413,405.63
2026-04-15T14:22:00Z,260.53,405.76
2026-04-15T14:23:00Z,260.31,406.0301
2026-04-15T14:24:00Z,260.55,406.255
2026-04-15T14:25:00Z,260.61,406.535
2026-04-15T14:26:00Z,260.43,406.5851
2026-04-15T14:27:00Z,260.54,406.28
2026-04-15T14:28:00Z,260.54,406.24
2026-04-15T14:29:00Z,260.68,406.09
2026-04-15T14:30:00Z,260.94,406.27
2026-04-15T14:31:00Z,261.11,406.165
2026-04-15T14:32:00Z,261.06,406.5899
2026-04-15T14:33:00Z,260.725,406.615
2026-04-15T14:34:00Z,260.72,406.73
2026-04-15T14:35:00Z,260.9,406.35
2026-04-15T14:36:00Z,260.83,406.38
2026-04-15T14:37:00Z,260.82,406.035
2026-04-15T14:38:00Z,260.74,406
2026-04-15T14:39:00Z,260.48,405.6
2026-04-15T14:40:00Z,260.635,405.8501
2026-04-15T14:41:00Z,260.77,405.985
2026-04-15T14:42:00Z,260.81,405.8
2026-04-15T14:43:00Z,261.16,405.79
2026-04-15T14:44:00Z,261.29,405.77
2026-04-15T14:45:00Z,261.32,405.732
2026-04-15T14:46:00Z,261.515,405.8786
2026-04-15T14:47:00Z,261.805,406.025
2026-04-15T14:48:00Z,261.93,406.3801
2026-04-15T14:49:00Z,262.02,406.63
2026-04-15T14:50:00Z,262.01,406.815
2026-04-15T14:51:00Z,261.71,406.61
2026-04-15T14:52:00Z,261.75,406.38
2026-04-15T14:53:00Z,262.135,406.29
2026-04-15T14:54:00Z,262.73,406.37
2026-04-15T14:55:00Z,262.98,406.48
2026-04-15T14:56:00Z,263.16,407.1
2026-04-15T14:57:00Z,263.0493,407.37
2026-04-15T14:58:00Z,262.74,407.42
2026-04-15T14:59:00Z,262.945,407.69
2026-04-15T15:00:00Z,263.31,407.88
2026-04-15T15:01:00Z,263.545,408.6198
2026-04-15T15:02:00Z,263.69,408.72
2026-04-15T15:03:00Z,263.92,408.47
2026-04-15T15:04:00Z,263.8908,408.27
2026-04-15T15:05:00Z,264.055,407.74
2026-04-15T15:06:00Z,264.0056,407.805
2026-04-15T15:07:00Z,263.59,407.255
2026-04-15T15:08:00Z,262.9699,406.65
2026-04-15T15:09:00Z,262.88,407
2026-04-15T15:10:00Z,263.16,406.99
2026-04-15T15:11:00Z,263.105,407.095
2026-04-15T15:12:00Z,263.425,407.51
2026-04-15T15:13:00Z,263.49,407.395
2026-04-15T15:14:00Z,263.48,407.28
2026-04-15T15:15:00Z,263.465,407.57
2026-04-15T15:16:00Z,263.51,407.695
2026-04-15T15:17:00Z,263.23,407.93
2026-04-15T15:18:00Z,262.945,407.9
2026-04-15T15:19:00Z,263.07,408.05
2026-04-15T15:20:00Z,262.775,408.18
2026-04-15T15:21:00Z,262.64,408.02
2026-04-15T15:22:00Z,262.54,408.185
2026-04-15T15:23:00Z,262.8,408.19
2026-04-15T15:24:00Z,262.8,408.36
2026-04-15T15:25:00Z,262.835,408.2101
2026-04-15T15:26:00Z,262.74,408.3
2026-04-15T15:27:00Z,263,408.21
2026-04-15T15:28:00Z,262.99,408.07
2026-04-15T15:29:00Z,263.17,407.91
2026-04-15T15:30:00Z,263.035,407.59
2026-04-15T15:31:00Z,263.18,407.76
2026-04-15T15:32:00Z,263.295,407.45
2026-04-15T15:33:00Z,263.39,407.37
2026-04-15T15:34:00Z,263.545,407.29
2026-04-15T15:35:00Z,263.65,407.27
2026-04-15T15:36:00Z,263.36,407.14
2026-04-15T15:37:00Z,263.5901,407.3799
2026-04-15T15:38:00Z,263.435,407.005
2026-04-15T15:39:00Z,263.395,407.01
2026-04-15T15:40:00Z,263.51,406.79
2026-04-15T15:41:00Z,263.615,406.985
2026-04-15T15:42:00Z,263.82,406.87
2026-04-15T15:43:00Z,263.67,407.025
2026-04-15T15:44:00Z,263.67,406.835
2026-04-15T15:45:00Z,263.6,406.9505
2026-04-15T15:46:00Z,263.7901,407.385
2026-04-15T15:47:00Z,263.62,407.17
2026-04-15T15:48:00Z,263.68,407.205
2026-04-15T15:49:00Z,263.715,407.435
2026-04-15T15:50:00Z,264.09,407.48
2026-04-15T15:51:00Z,264.34,407.39
2026-04-15T15:52:00Z,264.44,407.3297
2026-04-15T15:53:00Z,264.6551,407.145
2026-04-15T15:54:00Z,264.565,407.145
2026-04-15T15:55:00Z,264.725,407.08
2026-04-15T15:56:00Z,264.47,407.15
2026-04-15T15:57:00Z,264.515,407.27
2026-04-15T15:58:00Z,264.6001,407.295
2026-04-15T15:59:00Z,264.395,407.2
2026-04-15T16:00:00Z,264.58,406.96
2026-04-15T16:01:00Z,264.74,407.29
2026-04-15T16:02:00Z,264.85,407.28
2026-04-15T16:03:00Z,264.86,407.365
2026-04-15T16:04:00Z,264.975,407.52
2026-04-15T16:05:00Z,264.75,407.52
2026-04-15T16:06:00Z,264.85,407.62
2026-04-15T16:07:00Z,265.045,407.635
2026-04-15T16:08:00Z,265.35,407.735
2026-04-15T16:09:00Z,265.37,407.635
2026-04-15T16:10:00Z,265.275,407.75
2026-04-15T16:11:00Z,265.33,407.7751
2026-04-15T16:12:00Z,265.37,407.73
2026-04-15T16:13:00Z,265.32,407.87
2026-04-15T16:14:00Z,265.3,407.965
2026-04-15T16:15:00Z,265.3,408.14
2026-04-15T16:16:00Z,265.33,408.27
2026-04-15T16:17:00Z,265.3,408.41
2026-04-15T16:18:00Z,265.46,408.57
2026-04-15T16:19:00Z,265.07,408.955
2026-04-15T16:20:00Z,264.99,408.94
2026-04-15T16:21:00Z,264.96,409.09
2026-04-15T16:22:00Z,264.88,408.85
2026-04-15T16:23:00Z,264.86,408.9941
2026-04-15T16:24:00Z,265.03,408.95
2026-04-15T16:25:00Z,264.895,408.88
2026-04-15T16:26:00Z,265.085,409.21
2026-04-15T16:27:00Z,264.84,409.3152
2026-04-15T16:28:00Z,264.675,409.26
2026-04-15T16:29:00Z,264.579,409.18
2026-04-15T16:30:00Z,264.385,408.9501
2026-04-15T16:31:00Z,264.57,408.785
2026-04-15T16:32:00Z,264.6223,408.48
2026-04-15T16:33:00Z,264.91,408.45
2026-04-15T16:34:00Z,264.99,408.45
2026-04-15T16:35:00Z,265.13,408.56
2026-04-15T16:36:00Z,264.955,408.645
2026-04-15T16:37:00Z,265.19,408.66
2026-04-15T16:38:00Z,265.225,408.75
2026-04-15T16:39:00Z,265.265,408.5508
2026-04-15T16:40:00Z,265.08,408.05
2026-04-15T16:41:00Z,265.03,407.78
2026-04-15T16:42:00Z,264.97,408.06
2026-04-15T16:43:00Z,264.96,408.26
2026-04-15T16:44:00Z,264.785,407.885
2026-04-15T16:45:00Z,264.79,407.7921
2026-04-15T16:46:00Z,264.785,407.965
2026-04-15T16:47:00Z,264.62,407.64
2026-04-15T16:48:00Z,264.61,407.9301
2026-04-15T16:49:00Z,264.83,408.233
2026-04-15T16:50:00Z,264.84,408.49
2026-04-15T16:51:00Z,264.5,408.56
2026-04-15T16:52:00Z,264.44,408.77
2026-04-15T16:53:00Z,264.47,408.58
2026-04-15T16:54:00Z,264.58,408.64
2026-04-15T16:55:00Z,264.79,408.5051
2026-04-15T16:56:00Z,264.88,408.22
2026-04-15T16:57:00Z,265.06,408.2001
2026-04-15T16:58:00Z,265.3,408.035
2026-04-15T16:59:00Z,265.455,407.995
2026-04-15T17:00:00Z,265.39,408.33
2026-04-15T17:01:00Z,265.34,408.23
2026-04-15T17:02:00Z,265.3101,408.24
2026-04-15T17:03:00Z,265.45,408.44
2026-04-15T17:04:00Z,265.58,408.66
2026-04-15T17:05:00Z,265.67,408.55
2026-04-15T17:06:00Z,265.69,408.78
2026-04-15T17:07:00Z,265.53,408.61
2026-04-15T17:08:00Z,265.54,408.4
2026-04-15T17:09:00Z,265.515,408.47
2026-04-15T17:10:00Z,265.605,408.43
2026-04-15T17:11:00Z,265.5993,408.44
2026-04-15T17:12:00Z,265.525,408.29
2026-04-15T17:13:00Z,265.54,408.2999
2026-04-15T17:14:00Z,265.585,408.33
2026-04-15T17:15:00Z,265.6,408.4299
2026-04-15T17:16:00Z,265.69,408.71
2026-04-15T17:17:00Z,265.5002,408.5799
2026-04-15T17:18:00Z,265.49,408.76
2026-04-15T17:19:00Z,265.165,408.62
2026-04-15T17:20:00Z,265.15,408.91
2026-04-15T17:21:00Z,264.98,408.865
2026-04-15T17:22:00Z,264.95,409.0699
2026-04-15T17:23:00Z,264.975,409.115
2026-04-15T17:24:00Z,265,409.16
2026-04-15T17:25:00Z,264.89,409.47
2026-04-15T17:26:00Z,265.0101,409.66
2026-04-15T17:27:00Z,265.11,409.55
2026-04-15T17:28:00Z,265.02,409.79
2026-04-15T17:29:00Z,264.945,409.735
2026-04-15T17:30:00Z,264.825,409.6
2026-04-15T17:31:00Z,264.92,409.305
2026-04-15T17:32:00Z,264.88,409.76
2026-04-15T17:33:00Z,264.85,409.77
2026-04-15T17:34:00Z,264.93,409.96
2026-04-15T17:35:00Z,264.93,410.09
2026-04-15T17:36:00Z,264.93,410.35
2026-04-15T17:37:00Z,264.78,410.095
2026-04-15T17:38:00Z,264.78,410.0951
2026-04-15T17:39:00Z,264.765,409.94
2026-04-15T17:40:00Z,264.8,409.76
2026-04-15T17:41:00Z,264.71,409.5747
2026-04-15T17:42:00Z,264.65,409.715
2026-04-15T17:43:00Z,264.64,409.585
2026-04-15T17:44:00Z,264.82,409.785
2026-04-15T17:45:00Z,264.8339,409.64
2026-04-15T17:46:00Z,264.86,409.4605
2026-04-15T17:47:00Z,264.7937,409.557
2026-04-15T17:48:00Z,264.78,409.806
2026-04-15T17:49:00Z,264.68,409.755
2026-04-15T17:50:00Z,264.69,409.65
2026-04-15T17:51:00Z,264.85,409.72
2026-04-15T17:52:00Z,264.735,409.84
2026-04-15T17:53:00Z,264.76,410.075
2026-04-15T17:54:00Z,264.76,410.14
2026-04-15T17:55:00Z,264.77,410.19
2026-04-15T17:56:00Z,264.73,410.16
2026-04-15T17:57:00Z,264.63,410.12
2026-04-15T17:58:00Z,264.52,410.1497
2026-04-15T17:59:00Z,264.4,410.035
2026-04-15T18:00:00Z,264.445,409.99
2026-04-15T18:01:00Z,264.57,410.04
2026-04-15T18:02:00Z,264.77,410.17
2026-04-15T18:03:00Z,264.68,410.32
2026-04-15T18:04:00Z,264.75,410.38
2026-04-15T18:05:00Z,264.86,410.245
2026-04-15T18:06:00Z,264.78,410.37
2026-04-15T18:07:00Z,264.895,410.445
2026-04-15T18:08:00Z,264.94,410.73
2026-04-15T18:09:00Z,265.03,410.59
2026-04-15T18:10:00Z,264.91,410.635
2026-04-15T18:11:00Z,265.07,410.91
2026-04-15T18:12:00Z,264.99,411.245
2026-04-15T18:13:00Z,265.08,411.475
2026-04-15T18:14:00Z,265.03,411.575
2026-04-15T18:15:00Z,265.18,411.64
2026-04-15T18:16:00Z,265.1801,411.815
2026-04-15T18:17:00Z,265.1,411.755
2026-04-15T18:18:00Z,265.085,411.77
2026-04-15T18:19:00Z,265.07,411.635
2026-04-15T18:20:00Z,265.1,411.365
2026-04-15T18:21:00Z,265.12,411.455
2026-04-15T18:22:00Z,265.1602,411.53
2026-04-15T18:23:00Z,265.215,411.665
2026-04-15T18:24:00Z,265.2295,411.59
2026-04-15T18:25:00Z,265.1731,411.6
2026-04-15T18:26:00Z,265.12,412.12
2026-04-15T18:27:00Z,265.167,412.36
2026-04-15T18:28:00Z,265.215,412.5599
2026-04-15T18:29:00Z,265.181,412.42
2026-04-15T18:30:00Z,265.26,412.58
2026-04-15T18:31:00Z,265.28,412.9101
2026-04-15T18:32:00Z,265.47,413.0691
2026-04-15T18:33:00Z,265.455,413.59
2026-04-15T18:34:00Z,265.6,413.65
2026-04-15T18:35:00Z,265.5851,414.225
2026-04-15T18:36:00Z,265.6,413.855
2026-04-15T18:37:00Z,265.665,412.99
2026-04-15T18:38:00Z,265.64,412.94
2026-04-15T18:39:00Z,265.645,413.185
2026-04-15T18:40:00Z,265.525,412.91
2026-04-15T18:41:00Z,265.445,412.84
2026-04-15T18:42:00Z,265.47,412.705
2026-04-15T18:43:00Z,265.585,412.915
2026-04-15T18:44:00Z,265.59,412.85
2026-04-15T18:45:00Z,265.71,413.1316
2026-04-15T18:46:00Z,265.65,413.19
2026-04-15T18:47:00Z,265.6301,413.08
2026-04-15T18:48:00Z,265.645,413.25
2026-04-15T18:49:00Z,265.6442,413.38
2026-04-15T18:50:00Z,265.67,413.3768
2026-04-15T18:51:00Z,265.6901,413.635
2026-04-15T18:52:00Z,265.69,413.49
2026-04-15T18:53:00Z,265.67,413.53
2026-04-15T18:54:00Z,265.65,413.7001
2026-04-15T18:55:00Z,265.71,413.77
2026-04-15T18:56:00Z,265.735,413.78
2026-04-15T18:57:00Z,265.795,413.925
2026-04-15T18:58:00Z,265.86,414.04
2026-04-15T18:59:00Z,265.6401,413.81
2026-04-15T19:00:00Z,265.61,413.41
2026-04-15T19:01:00Z,265.595,413.1128
2026-04-15T19:02:00Z,265.73,413.455
2026-04-15T19:03:00Z,265.7,413.4799
2026-04-15T19:04:00Z,265.54,413.43
2026-04-15T19:05:00Z,265.55,413.58
2026-04-15T19:06:00Z,265.545,413.4582
2026-04-15T19:07:00Z,265.59,413.42
2026-04-15T19:08:00Z,265.51,413.23
2026-04-15T19:09:00Z,265.52,413.335
2026-04-15T19:10:00Z,265.6,413.44
2026-04-15T19:11:00Z,265.45,413.55
2026-04-15T19:12:00Z,265.37,413.52
2026-04-15T19:13:00Z,265.48,413.7199
2026-04-15T19:14:00Z,265.445,413.32
2026-04-15T19:15:00Z,265.48,413.22
2026-04-15T19:16:00Z,265.6299,412.97
2026-04-15T19:17:00Z,265.58,412.79
2026-04-15T19:18:00Z,265.65,413.1
2026-04-15T19:19:00Z,265.53,413.125
2026-04-15T19:20:00Z,265.4,413.05
2026-04-15T19:21:00Z,265.44,412.89
2026-04-15T19:22:00Z,265.5,413.1781
2026-04-15T19:23:00Z,265.485,413.415
2026-04-15T19:24:00Z,265.52,413.33
2026-04-15T19:25:00Z,265.6,413.43
2026-04-15T19:26:00Z,265.49,413.39
2026-04-15T19:27:00Z,265.475,413.63
2026-04-15T19:28:00Z,265.37,413.5
2026-04-15T19:29:00Z,265.36,413.22
2026-04-15T19:30:00Z,265.415,412.39
2026-04-15T19:31:00Z,265.59,412.27
2026-04-15T19:32:00Z,265.53,412.22
2026-04-15T19:33:00Z,265.68,411.8794
2026-04-15T19:34:00Z,265.72,412
2026-04-15T19:35:00Z,265.785,412.39
2026-04-15T19:36:00Z,265.87,412.27
2026-04-15T19:37:00Z,265.865,412.1
2026-04-15T19:38:00Z,265.815,411.89
2026-04-15T19:39:00Z,265.845,411.6
2026-04-15T19:40:00Z,265.59,411.72
2026-04-15T19:41:00Z,265.66,412.09
2026-04-15T19:42:00Z,265.73,412.11
2026-04-15T19:43:00Z,265.745,412.29
2026-04-15T19:44:00Z,265.74,412.245
2026-04-15T19:45:00Z,265.705,412.04
2026-04-15T19:46:00Z,265.8098,412.05
2026-04-15T19:47:00Z,265.83,411.93
2026-04-15T19:48:00Z,265.98,412.23
2026-04-15T19:49:00Z,265.8,411.98
2026-04-15T19:50:00Z,265.9001,411.81
2026-04-15T19:51:00Z,265.87,411.62
2026-04-15T19:52:00Z,265.83,410.94
2026-04-15T19:53:00Z,265.84,411.04
2026-04-15T19:54:00Z,265.995,410.92
2026-04-15T19:55:00Z,266.215,411.17
2026-04-15T19:56:00Z,266.275,411.255
2026-04-15T19:57:00Z,266.4,411.49
2026-04-15T19:58:00Z,266.375,411.38
2026-04-15T19:59:00Z,266.37,411.2728
2026-04-15T20:00:00Z,266.37,411.06
2026-04-15T20:01:00Z,266.3318,410.8
2026-04-15T20:02:00Z,266.25,410.68
2026-04-15T20:03:00Z,266.24,410.8
2026-04-15T20:04:00Z,266.21,410.8
2026-04-15T20:05:00Z,266.01,410.65
2026-04-15T20:06:00Z,266.2,410.7047
2026-04-15T20:07:00Z,266.06,410.8
2026-04-15T20:11:00Z,266.25,410.7
2026-04-15T20:14:00Z,266.15,410.46
2026-04-15T20:15:00Z,266.15,410.335
2026-04-15T20:16:00Z,266.15,410.34
2026-04-15T20:18:00Z,266.15,410.31
2026-04-15T20:19:00Z,266.1,410.1101
2026-04-15T20:20:00Z,266.05,410.11
2026-04-15T20:21:00Z,266.43,410.29
2026-04-15T20:22:00Z,266.1,410.65
2026-04-15T20:24:00Z,266.1,410.7
2026-04-15T20:25:00Z,266.09,410.5589
2026-04-15T20:26:00Z,266.1,410.7
2026-04-15T20:27:00Z,266.09,410.68
2026-04-15T20:28:00Z,266.13,410.84
2026-04-15T20:29:00Z,266.13,410.84
2026-04-15T20:30:00Z,266.1561,410.95
2026-04-15T20:31:00Z,266.13,410.87
2026-04-15T20:33:00Z,266.25,410.9
2026-04-15T20:35:00Z,266.21,411.22
2026-04-15T20:36:00Z,266.09,411.35
2026-04-15T20:37:00Z,266.09,411
2026-04-15T20:38:00Z,266.07,411.02
2026-04-15T20:40:00Z,266.03,411.13
2026-04-15T20:41:00Z,266.12,411.3283
2026-04-15T20:42:00Z,266.12,411.26
2026-04-15T20:45:00Z,266.1,411.22
2026-04-15T20:46:00Z,266.1001,411.07
2026-04-15T20:47:00Z,266.01,411.03
2026-04-15T20:48:00Z,265.9501,411
2026-04-15T20:49:00Z,266,411.14
2026-04-15T20:50:00Z,266,411.16
2026-04-15T20:51:00Z,266,411.16
2026-04-15T20:52:00Z,266.0299,411.2931
2026-04-15T20:53:00Z,266.2,411.26
2026-04-15T20:54:00Z,266.2997,411.35
2026-04-15T20:55:00Z,266.47,411.65
2026-04-15T20:56:00Z,266.43,411.5
2026-04-15T20:58:00Z,266.4378,411.61
2026-04-15T20:59:00Z,266.43,411.5
2026-04-15T21:01:00Z,266.486,411.5992
2026-04-15T21:02:00Z,266.49,411.6
2026-04-15T21:03:00Z,266.43,411.65
2026-04-15T21:04:00Z,266.43,411.75
2026-04-15T21:05:00Z,266.43,411.73
2026-04-15T21:06:00Z,266.4304,411.72
2026-04-15T21:11:00Z,266.4887,412.07
2026-04-15T21:12:00Z,266.5,412.25
2026-04-15T21:13:00Z,266.4978,412.35
2026-04-15T21:14:00Z,266.55,412.3
2026-04-15T21:15:00Z,266.74,412.16
2026-04-15T21:16:00Z,266.7,412.25
2026-04-15T21:17:00Z,266.5891,412.2477
2026-04-15T21:18:00Z,266.61,412.35
2026-04-15T21:19:00Z,266.77,412.4
2026-04-15T21:21:00Z,266.7,412.21
2026-04-15T21:24:00Z,266.66,412.68
2026-04-15T21:25:00Z,266.61,412.93
2026-04-15T21:26:00Z,266.6,412.78
2026-04-15T21:30:00Z,266.54,413.1865
2026-04-15T21:31:00Z,266.51,412.92
2026-04-15T21:32:00Z,266.7,413.15
2026-04-15T21:33:00Z,266.6,412.9
2026-04-15T21:34:00Z,266.59,413.05
2026-04-15T21:36:00Z,266.55,413
2026-04-15T21:37:00Z,266.58,413.11
2026-04-15T21:39:00Z,266.53,413.1
2026-04-15T21:40:00Z,266.51,413.03
2026-04-15T21:41:00Z,266.5,413.02
2026-04-15T21:43:00Z,266.5,413.08
2026-04-15T21:45:00Z,266.51,413.19
2026-04-15T21:46:00Z,266.5,413.1839
2026-04-15T21:47:00Z,266.5,413.1
2026-04-15T21:48:00Z,266.55,413.08
2026-04-15T21:50:00Z,266.51,413.11
2026-04-15T21:51:00Z,266.5,412.99
2026-04-15T21:52:00Z,266.5,412.97
2026-04-15T21:55:00Z,266.5,413.18
2026-04-15T21:57:00Z,266.5,413.1099
2026-04-15T21:58:00Z,266.501,413.01
2026-04-15T21:59:00Z,266.52,413
2026-04-15T22:00:00Z,266.43,412.8
2026-04-15T22:01:00Z,266.41,412.8199
2026-04-15T22:03:00Z,266.42,412.91
2026-04-15T22:08:00Z,266.46,412.8
2026-04-15T22:09:00Z,266.5,412.78
2026-04-15T22:10:00Z,266.479,412.75
2026-04-15T22:11:00Z,266.46,412.8
2026-04-15T22:12:00Z,266.48,412.87
2026-04-15T22:15:00Z,266.52,412.8283
2026-04-15T22:16:00Z,266.4805,412.84
2026-04-15T22:17:00Z,266.5399,412.8207
2026-04-15T22:19:00Z,266.48,412.86
2026-04-15T22:20:00Z,266.54,412.76
2026-04-15T22:21:00Z,266.4412,412.7
2026-04-15T22:23:00Z,266.49,412.72
2026-04-15T22:30:00Z,266.52,413.05
2026-04-15T22:31:00Z,266.55,413.22
2026-04-15T22:32:00Z,266.53,413.33
2026-04-15T22:35:00Z,266.54,413.7
2026-04-15T22:36:00Z,266.55,413.669
2026-04-15T22:37:00Z,266.59,413.4807
2026-04-15T22:38:00Z,266.6,413.7
2026-04-15T22:41:00Z,266.7331,413.9
2026-04-15T22:42:00Z,266.63,413.95
2026-04-15T22:43:00Z,266.62,413.92
2026-04-15T22:45:00Z,266.69,413.95
2026-04-15T22:46:00Z,266.69,413.9711
2026-04-15T22:47:00Z,266.65,413.9
2026-04-15T22:48:00Z,266.7,413.9
2026-04-15T22:49:00Z,266.63,413.9158
2026-04-15T22:52:00Z,266.55,413.83
2026-04-15T22:54:00Z,266.57,413.79
2026-04-15T23:02:00Z,266.6427,413.8
2026-04-15T23:05:00Z,266.5804,413.9396
2026-04-15T23:06:00Z,266.65,413.96
2026-04-15T23:09:00Z,266.56,413.77
2026-04-15T23:11:00Z,266.55,413.7
2026-04-15T23:12:00Z,266.5,413.787
2026-04-15T23:14:00Z,266.55,413.586
2026-04-15T23:19:00Z,266.58,413.84
2026-04-15T23:21:00Z,266.56,413.89
2026-04-15T23:25:00Z,266.51,413.92
2026-04-15T23:26:00Z,266.53,413.9
2026-04-15T23:27:00Z,266.59,413.95
2026-04-15T23:29:00Z,266.5,413.98
2026-04-15T23:31:00Z,266.5,414.26
2026-04-15T23:33:00Z,266.58,414.15
2026-04-15T23:35:00Z,266.56,414.3
2026-04-15T23:37:00Z,266.65,414.81
2026-04-15T23:38:00Z,266.56,414.79
2026-04-15T23:39:00Z,266.62,414.89
2026-04-15T23:40:00Z,266.75,414.71
2026-04-15T23:42:00Z,266.68,414.7
2026-04-15T23:44:00Z,266.7344,414.6903
2026-04-15T23:45:00Z,266.68,414.59
2026-04-15T23:46:00Z,266.77,414.7
2026-04-15T23:47:00Z,266.8,414.8705
2026-04-15T23:48:00Z,266.95,415
2026-04-15T23:49:00Z,266.8599,415
2026-04-15T23:50:00Z,266.9117,414.9986
2026-04-15T23:51:00Z,266.9,415.42
2026-04-15T23:52:00Z,266.8,415.17
2026-04-15T23:53:00Z,266.94,415.08
2026-04-15T23:54:00Z,266.89,415.3
2026-04-15T23:56:00Z,266.9,415.8
2026-04-15T23:57:00Z,266.96,415.8
2026-04-15T23:58:00Z,266.9001,415.9205
2026-04-15T23:59:00Z,266.9,415.98
2026-04-16T08:00:00Z,266.41,417.66
2026-04-16T08:01:00Z,266.49,417.86
2026-04-16T08:02:00Z,266.05,418.17
2026-04-16T08:03:00Z,266.2,418.13
2026-04-16T08:04:00Z,266.19,417.9
2026-04-16T08:05:00Z,266.1,417.54
2026-04-16T08:06:00Z,266.05,417.59
2026-04-16T08:07:00Z,265.85,417.63
2026-04-16T08:08:00Z,265.89,417.58
2026-04-16T08:09:00Z,265.96,417.67
2026-04-16T08:14:00Z,265.93,417.92
2026-04-16T08:15:00Z,265.88,418.15
2026-04-16T08:16:00Z,265.8,418.64
2026-04-16T08:17:00Z,265.8,418.3
2026-04-16T08:18:00Z,266.1,418.07
2026-04-16T08:20:00Z,266.34,418.12
2026-04-16T08:22:00Z,266.31,418.1763
2026-04-16T08:24:00Z,266.2,418.3
2026-04-16T08:28:00Z,266.25,417.9
2026-04-16T08:30:00Z,266.07,417.75
2026-04-16T08:31:00Z,266.0083,417.85
2026-04-16T08:32:00Z,266,417.8
2026-04-16T08:33:00Z,266.09,417.65
2026-04-16T08:40:00Z,266.24,417.7
2026-04-16T08:41:00Z,266.2,417.65
2026-04-16T08:46:00Z,266.18,417.9
2026-04-16T08:47:00Z,266.15,418.03
2026-04-16T08:48:00Z,266.15,418.06
