t,o,h,l,c,v
2026-04-15T08:00:00Z,259.09,259.1938,258.69,259.09,12453.0
2026-04-15T08:01:00Z,258.99,259.1,258.65,258.74,21968.0
2026-04-15T08:03:00Z,258.78,258.78,258.78,258.78,576.0
2026-04-15T08:04:00Z,258.71,258.71,258.7,258.7,944.0
2026-04-15T08:06:00Z,258.75,258.83,258.75,258.83,1158.0
2026-04-15T08:07:00Z,258.85,258.86,258.82,258.83,1463.0
2026-04-15T08:12:00Z,258.83,258.83,258.83,258.83,1201.0
2026-04-15T08:15:00Z,258.85,258.85,258.85,258.85,291.0
2026-04-15T08:16:00Z,258.86,258.86,258.86,258.86,520.0
2026-04-15T08:17:00Z,258.86,258.86,258.86,258.86,535.0
2026-04-15T08:27:00Z,258.9003,258.9003,258.9003,258.9003,145.0
2026-04-15T08:29:00Z,258.93,258.97,258.93,258.96,619.0
2026-04-15T08:30:00Z,258.93,258.93,258.93,258.93,723.0
2026-04-15T08:31:00Z,258.89,258.89,258.89,258.89,1401.0
2026-04-15T08:33:00Z,258.89,259.0,258.89,258.99,2344.0
2026-04-15T08:34:00Z,258.91,259.19,258.91,259.19,365.0
2026-04-15T08:35:00Z,259.11,259.11,259.11,259.11,747.0
2026-04-15T08:36:00Z,258.98,258.98,258.98,258.98,589.0
2026-04-15T08:39:00Z,259.0,259.0,259.0,259.0,1443.0
2026-04-15T08:41:00Z,258.96,258.96,258.96,258.96,724.0
2026-04-15T08:43:00Z,258.96,258.96,258.96,258.96,353.0
2026-04-15T08:45:00Z,258.99,258.99,258.95,258.95,2168.0
2026-04-15T08:47:00Z,258.85,258.86,258.85,258.85,1192.0
2026-04-15T08:51:00Z,258.95,258.95,258.95,258.95,1819.0
2026-04-15T08:54:00Z,258.99,258.99,258.99,258.99,1218.0
2026-04-15T09:04:00Z,258.987,258.987,258.987,258.987,325.0
2026-04-15T09:05:00Z,258.9154,258.9154,258.9154,258.9154,855.0
2026-04-15T09:08:00Z,258.75,258.75,258.75,258.75,617.0
2026-04-15T09:11:00Z,258.77,258.77,258.76,258.76,735.0
2026-04-15T09:12:00Z,258.9,258.9,258.9,258.9,445.0
2026-04-15T09:14:00Z,258.8,258.8,258.8,258.8,1878.0
2026-04-15T09:16:00Z,258.84,258.84,258.84,258.84,316.0
2026-04-15T09:17:00Z,258.87,258.87,258.87,258.87,607.0
2026-04-15T09:18:00Z,258.85,258.86,258.85,258.86,389.0
2026-04-15T09:19:00Z,258.9,258.9,258.9,258.9,5181.0
2026-04-15T09:20:00Z,258.94,258.94,258.87,258.87,1522.0
2026-04-15T09:25:00Z,258.85,258.85,258.83,258.83,829.0
2026-04-15T09:27:00Z,258.81,258.81,258.75,258.75,1516.0
2026-04-15T09:33:00Z,258.8,258.8,258.8,258.8,747.0
2026-04-15T09:38:00Z,258.81,258.85,258.81,258.85,1152.0
2026-04-15T09:39:00Z,258.82,258.82,258.8,258.8,2021.0
2026-04-15T09:40:00Z,258.85,258.85,258.85,258.85,413.0
2026-04-15T09:46:00Z,258.9,258.9,258.9,258.9,642.0
2026-04-15T09:48:00Z,258.9,258.9,258.8927,258.8927,221.0
2026-04-15T09:50:00Z,258.88,258.88,258.82,258.82,450.0
2026-04-15T09:54:00Z,258.86,258.86,258.86,258.86,154.0
2026-04-15T09:58:00Z,258.8,258.82,258.8,258.82,1506.0
2026-04-15T10:02:00Z,258.93,258.93,258.93,258.93,1285.0
2026-04-15T10:05:00Z,258.87,258.87,258.87,258.87,156.0
2026-04-15T10:06:00Z,258.89,258.9,258.89,258.9,536.0
2026-04-15T10:10:00Z,258.89,258.89,258.89,258.89,223.0
2026-04-15T10:16:00Z,258.78,258.78,258.69,258.7,5433.0
2026-04-15T10:17:00Z,258.6559,258.7,258.6559,258.7,2714.0
2026-04-15T10:22:00Z,258.65,258.65,258.62,258.62,1537.0
2026-04-15T10:31:00Z,258.73,258.74,258.6,258.6235,2942.0
2026-04-15T10:32:00Z,258.65,258.65,258.65,258.65,129.0
2026-04-15T10:33:00Z,258.63,258.7,258.63,258.7,790.0
2026-04-15T10:35:00Z,258.63,258.63,258.63,258.63,273.0
2026-04-15T10:37:00Z,258.5366,258.5366,258.5366,258.5366,529.0
2026-04-15T10:38:00Z,258.65,258.65,258.65,258.65,355.0
2026-04-15T10:40:00Z,258.65,258.65,258.64,258.64,792.0
2026-04-15T10:41:00Z,258.7,258.78,258.7,258.78,656.0
2026-04-15T10:47:00Z,258.9,258.9,258.9,258.9,305.0
2026-04-15T10:48:00Z,258.81,258.81,258.81,258.81,308.0
2026-04-15T10:49:00Z,258.8094,258.8094,258.8094,258.8094,173.0
2026-04-15T10:56:00Z,258.8,258.8,258.8,258.8,559.0
2026-04-15T11:00:00Z,258.8,258.83,258.7,258.737,3800.0
2026-04-15T11:01:00Z,258.7351,258.75,258.69,258.75,1730.0
2026-04-15T11:02:00Z,258.8,259.0,258.8,259.0,11505.0
2026-04-15T11:03:00Z,258.985,259.0,258.85,258.8592,1237.0
2026-04-15T11:04:00Z,258.89,258.9,258.7,258.7,1185.0
2026-04-15T11:05:00Z,258.94,258.94,258.94,258.94,331.0
2026-04-15T11:06:00Z,258.8,258.8,258.8,258.8,3445.0
2026-04-15T11:10:00Z,258.89,258.89,258.89,258.89,684.0
2026-04-15T11:11:00Z,258.89,258.9,258.89,258.9,609.0
2026-04-15T11:12:00Z,258.8605,258.8605,258.8605,258.8605,439.0
2026-04-15T11:13:00Z,258.86,258.86,258.85,258.85,1771.0
2026-04-15T11:14:00Z,258.9,258.9,258.9,258.9,597.0
2026-04-15T11:15:00Z,258.9,258.9,258.9,258.9,137.0
2026-04-15T11:17:00Z,258.72,258.72,258.72,258.72,634.0
2026-04-15T11:18:00Z,258.7,258.76,258.7,258.7,1890.0
2026-04-15T11:19:00Z,258.6469,258.6469,258.6469,258.6469,528.0
2026-04-15T11:20:00Z,258.6501,258.6617,258.6501,258.6617,847.0
2026-04-15T11:21:00Z,258.73,258.73,258.7256,258.7256,973.0
2026-04-15T11:23:00Z,258.71,258.71,258.71,258.71,704.0
2026-04-15T11:25:00Z,258.71,258.72,258.65,258.72,1957.0
2026-04-15T11:27:00Z,258.75,258.75,258.75,258.75,210.0
2026-04-15T11:28:00Z,258.73,258.73,258.7,258.7,2902.0
2026-04-15T11:29:00Z,258.83,258.83,258.83,258.83,334.0
2026-04-15T11:30:00Z,258.77,258.83,258.77,258.83,1352.0
2026-04-15T11:31:00Z,258.77,258.77,258.77,258.77,312.0
2026-04-15T11:32:00Z,258.7,258.7,258.7,258.7,690.0
2026-04-15T11:33:00Z,258.7108,258.8461,258.65,258.65,2234.0
2026-04-15T11:36:00Z,258.8,258.8,258.8,258.8,418.0
2026-04-15T11:38:00Z,258.8,258.8,258.8,258.8,294.0
2026-04-15T11:40:00Z,258.79,258.8,258.67,258.67,2000.0
2026-04-15T11:41:00Z,258.6984,258.7,258.65,258.65,2096.0
2026-04-15T11:42:00Z,258.6,258.6,258.59,258.6,2365.0
2026-04-15T11:43:00Z,258.59,258.6,258.57,258.57,960.0
2026-04-15T11:44:00Z,258.57,258.57,258.5687,258.57,1174.0
2026-04-15T11:45:00Z,258.596,258.596,258.596,258.596,535.0
2026-04-15T11:46:00Z,258.6,258.835,258.55,258.55,10348.0
2026-04-15T11:47:00Z,258.52,258.52,258.48,258.48,3443.0
2026-04-15T11:48:00Z,258.58,258.58,258.58,258.58,373.0
2026-04-15T11:49:00Z,258.5475,258.6,258.54,258.6,1208.0
2026-04-15T11:50:00Z,258.6,258.6,258.6,258.6,641.0
2026-04-15T11:51:00Z,258.5,258.6,258.5,258.5,3286.0
2026-04-15T11:53:00Z,258.55,258.55,258.5,258.55,3551.0
2026-04-15T11:54:00Z,258.52,258.55,258.48,258.48,1544.0
2026-04-15T11:55:00Z,258.5,258.51,258.43,258.43,1458.0
2026-04-15T11:57:00Z,258.49,258.49,258.3763,258.3894,2877.0
2026-04-15T11:58:00Z,258.34,258.36,258.26,258.26,3277.0
2026-04-15T11:59:00Z,258.38,258.4,258.37,258.37,1072.0
2026-04-15T12:00:00Z,258.3482,258.4,258.3482,258.4,1593.0
2026-04-15T12:01:00Z,258.33,258.33,258.25,258.25,2621.0
2026-04-15T12:02:00Z,258.4,258.4,258.3,258.3,720.0
2026-04-15T12:03:00Z,258.31,258.39,258.3,258.32,2344.0
2026-04-15T12:04:00Z,258.38,258.394,258.38,258.394,835.0
2026-04-15T12:05:00Z,258.3,258.3,258.25,258.25,2351.0
2026-04-15T12:06:00Z,258.3,258.31,258.3,258.3,869.0
2026-04-15T12:07:00Z,258.37,258.4,258.37,258.37,1063.0
2026-04-15T12:08:00Z,258.39,258.3989,258.39,258.3989,433.0
2026-04-15T12:09:00Z,258.4,258.4,258.4,258.4,507.0
2026-04-15T12:11:00Z,258.4,258.4,258.3,258.3,1756.0
2026-04-15T12:13:00Z,258.2223,258.3049,258.2223,258.3049,858.0
2026-04-15T12:14:00Z,258.34,258.34,258.34,258.34,573.0
2026-04-15T12:15:00Z,258.3399,258.3399,258.3399,258.3399,1159.0
2026-04-15T12:16:00Z,258.33,258.33,258.31,258.31,955.0
2026-04-15T12:17:00Z,258.375,258.4,258.307,258.307,1602.0
2026-04-15T12:18:00Z,258.4,258.4,258.32,258.32,873.0
2026-04-15T12:19:00Z,258.4,258.4,258.4,258.4,527.0
2026-04-15T12:20:00Z,258.38,258.38,258.38,258.38,418.0
2026-04-15T12:21:00Z,258.3735,258.3735,258.3735,258.3735,321.0
2026-04-15T12:23:00Z,258.34,258.34,258.34,258.34,245.0
2026-04-15T12:24:00Z,258.32,258.32,258.32,258.32,331.0
2026-04-15T12:25:00Z,258.36,258.36,258.36,258.36,590.0
2026-04-15T12:26:00Z,258.3,258.34,258.3,258.34,2102.0
2026-04-15T12:27:00Z,258.38,258.38,258.36,258.36,879.0
2026-04-15T12:28:00Z,258.3909,258.3909,258.3909,258.3909,513.0
2026-04-15T12:29:00Z,258.38,258.38,258.38,258.38,249.0
2026-04-15T12:31:00Z,258.38,258.4,258.375,258.4,3150.0
2026-04-15T12:32:00Z,258.4,258.4,258.4,258.4,992.0
2026-04-15T12:33:00Z,258.4,258.4,258.4,258.4,489.0
2026-04-15T12:34:00Z,258.37,258.37,258.37,258.37,964.0
2026-04-15T12:35:00Z,258.4,258.4,258.36,258.38,3374.0
2026-04-15T12:36:00Z,258.35,258.35,258.33,258.33,868.0
2026-04-15T12:37:00Z,258.3349,258.3349,258.3349,258.3349,342.0
2026-04-15T12:38:00Z,258.4,258.4,258.3408,258.3408,1242.0
2026-04-15T12:40:00Z,258.38,258.39,258.37,258.37,1186.0
2026-04-15T12:41:00Z,258.33,258.37,258.33,258.35,1792.0
2026-04-15T12:42:00Z,258.3799,258.38,258.32,258.32,810.0
2026-04-15T12:43:00Z,258.36,258.4,258.36,258.37,1382.0
2026-04-15T12:44:00Z,258.3621,258.4,258.3621,258.3981,1184.0
2026-04-15T12:46:00Z,258.36,258.4,258.36,258.4,2949.0
2026-04-15T12:47:00Z,258.4,258.4,258.39,258.4,715.0
2026-04-15T12:48:00Z,258.4,258.4,258.39,258.4,1287.0
2026-04-15T12:49:00Z,258.38,258.4,258.36,258.4,998.0
2026-04-15T12:50:00Z,258.3919,258.3919,258.3919,258.3919,236.0
2026-04-15T12:51:00Z,258.38,258.38,258.36,258.36,898.0
2026-04-15T12:52:00Z,258.4,258.4,258.39,258.3996,3136.0
2026-04-15T12:53:00Z,258.38,258.38,258.38,258.38,666.0
2026-04-15T12:54:00Z,258.4,258.4,258.3942,258.3942,982.0
2026-04-15T12:55:00Z,258.39,258.4,258.39,258.4,1410.0
2026-04-15T12:56:00Z,258.38,258.38,258.37,258.37,2600.0
2026-04-15T12:57:00Z,258.3837,258.39,258.3837,258.39,950.0
2026-04-15T12:58:00Z,258.4,258.4,258.385,258.39,1127.0
2026-04-15T12:59:00Z,258.37,258.37,258.36,258.37,2064.0
2026-04-15T13:00:00Z,258.37,258.392,258.33,258.392,2960.0
2026-04-15T13:01:00Z,258.3782,258.3782,258.36,258.37,1741.0
2026-04-15T13:02:00Z,258.33,258.33,258.32,258.32,719.0
2026-04-15T13:03:00Z,258.32,258.4,258.32,258.3981,4355.0
2026-04-15T13:04:00Z,258.4,258.41,258.4,258.4,2172.0
2026-04-15T13:05:00Z,258.36,258.4,258.36,258.36,1193.0
2026-04-15T13:06:00Z,258.36,258.4,258.36,258.4,2085.0
2026-04-15T13:07:00Z,258.36,258.3986,258.36,258.3986,839.0
2026-04-15T13:08:00Z,258.4,258.4,258.35,258.35,755.0
2026-04-15T13:09:00Z,258.39,258.39,258.19,258.2,8631.0
2026-04-15T13:10:00Z,258.2,258.2,258.2,258.2,861.0
2026-04-15T13:11:00Z,258.2,258.2,258.17,258.18,7251.0
2026-04-15T13:12:00Z,258.17,258.17,258.05,258.16,8779.0
2026-04-15T13:13:00Z,258.0162,258.0162,258.0162,258.0162,327.0
2026-04-15T13:14:00Z,258.05,258.157,258.05,258.1281,1807.0
2026-04-15T13:15:00Z,258.1026,258.1546,258.1026,258.15,1936.0
2026-04-15T13:16:00Z,258.1574,258.1574,258.13,258.14,3884.0
2026-04-15T13:17:00Z,258.16,258.16,258.13,258.13,1764.0
2026-04-15T13:18:00Z,258.14,258.14,258.1,258.1237,1192.0
2026-04-15T13:19:00Z,258.16,258.17,258.1302,258.1302,3909.0
2026-04-15T13:20:00Z,258.16,258.17,258.16,258.17,1131.0
2026-04-15T13:21:00Z,258.19,258.2613,258.19,258.25,786.0
2026-04-15T13:22:00Z,258.2521,258.3,258.25,258.3,1809.0
2026-04-15T13:23:00Z,258.27,258.3,258.25,258.3,4323.0
2026-04-15T13:24:00Z,258.3469,258.35,258.3,258.34,2350.0
2026-04-15T13:25:00Z,258.38,258.6,258.38,258.6,23106.0
2026-04-15T13:26:00Z,258.67,258.68,258.58,258.58,3217.0
2026-04-15T13:27:00Z,258.47,258.47,257.93,258.22,16118.0
2026-04-15T13:28:00Z,258.26,258.28,258.0,258.02,5863.0
2026-04-15T13:29:00Z,258.03,258.13,258.01,258.09,5331.0
2026-04-15T13:30:00Z,258.04,259.3,257.81,259.25,820729.0
2026-04-15T13:31:00Z,259.2699,259.98,259.15,259.7125,344593.0
2026-04-15T13:32:00Z,259.675,259.95,259.64,259.81,174082.0
2026-04-15T13:33:00Z,259.78,259.85,259.0801,259.26,145353.0
2026-04-15T13:34:00Z,259.24,259.92,259.24,259.63,191517.0
2026-04-15T13:35:00Z,259.63,259.92,259.39,259.84,153318.0
2026-04-15T13:36:00Z,259.84,260.02,259.59,259.936,211007.0
2026-04-15T13:37:00Z,259.905,260.08,259.56,259.89,194886.0
2026-04-15T13:38:00Z,259.86,260.13,259.7802,260.13,136696.0
2026-04-15T13:39:00Z,260.12,260.3,260.02,260.115,158736.0
2026-04-15T13:40:00Z,260.1287,260.2,259.47,259.5,166679.0
2026-04-15T13:41:00Z,259.475,259.865,259.4651,259.69,124096.0
2026-04-15T13:42:00Z,259.67,259.74,259.2,259.225,188942.0
2026-04-15T13:43:00Z,259.22,259.26,258.7,258.81,142177.0
2026-04-15T13:44:00Z,258.835,258.948,258.47,258.545,150928.0
2026-04-15T13:45:00Z,258.545,258.89,258.515,258.665,212512.0
2026-04-15T13:46:00Z,258.665,258.7,258.51,258.65,100028.0
2026-04-15T13:47:00Z,258.64,258.78,258.53,258.62,99938.0
2026-04-15T13:48:00Z,258.6293,258.6293,258.11,258.19,132012.0
2026-04-15T13:49:00Z,258.18,258.18,257.83,258.026,131471.0
2026-04-15T13:50:00Z,258.02,258.31,258.02,258.27,97523.0
2026-04-15T13:51:00Z,258.25,258.55,258.25,258.4686,83840.0
2026-04-15T13:52:00Z,258.45,258.45,258.22,258.3399,69640.0
2026-04-15T13:53:00Z,258.32,258.4709,258.2402,258.41,91171.0
2026-04-15T13:54:00Z,258.3793,258.3793,258.26,258.35,49042.0
2026-04-15T13:55:00Z,258.36,258.76,258.36,258.6801,106491.0
2026-04-15T13:56:00Z,258.67,258.77,258.57,258.755,66453.0
2026-04-15T13:57:00Z,258.74,258.87,258.68,258.865,109695.0
2026-04-15T13:58:00Z,258.85,258.93,258.7407,258.9,78677.0
2026-04-15T13:59:00Z,258.905,258.96,258.59,258.66,195801.0
2026-04-15T14:00:00Z,258.64,258.84,258.5998,258.74,109425.0
2026-04-15T14:01:00Z,258.78,259.17,258.78,259.145,140469.0
2026-04-15T14:02:00Z,259.13,259.26,259.11,259.21,87566.0
2026-04-15T14:03:00Z,259.23,259.25,259.085,259.2,45153.0
2026-04-15T14:04:00Z,259.2,259.21,259.07,259.1,52572.0
2026-04-15T14:05:00Z,259.08,259.2,259.05,259.16,46024.0
2026-04-15T14:06:00Z,259.18,259.37,259.15,259.35,71555.0
2026-04-15T14:07:00Z,259.35,259.4299,259.17,259.2151,89715.0
2026-04-15T14:08:00Z,259.2107,259.44,259.195,259.44,62676.0
2026-04-15T14:09:00Z,259.42,259.57,259.395,259.45,64798.0
2026-04-15T14:10:00Z,259.44,259.65,259.345,259.62,74863.0
2026-04-15T14:11:00Z,259.6001,259.7299,259.55,259.685,124484.0
2026-04-15T14:12:00Z,259.7,259.96,259.7,259.86,98571.0
2026-04-15T14:13:00Z,259.855,260.06,259.8301,259.995,168936.0
2026-04-15T14:14:00Z,259.99,260.16,259.9544,260.1599,159476.0
2026-04-15T14:15:00Z,260.17,260.72,260.17,260.69,243530.0
2026-04-15T14:16:00Z,260.6831,261.04,260.65,260.95,237208.0
2026-04-15T14:17:00Z,260.95,260.95,260.705,260.85,179401.0
2026-04-15T14:18:00Z,260.86,260.8699,260.6,260.7,116032.0
2026-04-15T14:19:00Z,260.695,260.91,260.66,260.85,126721.0
2026-04-15T14:20:00Z,260.85,260.95,260.6101,260.676,105499.0
2026-04-15T14:21:00Z,260.63,260.72,260.55,260.6413,65898.0
2026-04-15T14:22:00Z,260.655,260.73,260.51,260.53,77863.0
2026-04-15T14:23:00Z,260.53,260.55,260.3,260.31,117801.0
2026-04-15T14:24:00Z,260.32,260.64,260.314,260.55,74942.0
2026-04-15T14:25:00Z,260.565,260.6398,260.52,260.61,111673.0
2026-04-15T14:26:00Z,260.61,260.65,260.375,260.43,55576.0
2026-04-15T14:27:00Z,260.42,260.59,260.4,260.54,55336.0
2026-04-15T14:28:00Z,260.53,260.59,260.425,260.54,44370.0
2026-04-15T14:29:00Z,260.55,260.6998,260.52,260.68,49749.0
2026-04-15T14:30:00Z,260.7,261.07,260.7,260.94,137629.0
2026-04-15T14:31:00Z,260.94,261.13,260.9,261.11,87842.0
2026-04-15T14:32:00Z,261.12,261.12,260.9,261.06,119854.0
2026-04-15T14:33:00Z,261.08,261.122,260.72,260.725,99756.0
2026-04-15T14:34:00Z,260.72,260.76,260.6001,260.72,68650.0
2026-04-15T14:35:00Z,260.74,260.94,260.69,260.9,64660.0
2026-04-15T14:36:00Z,260.9074,260.915,260.755,260.83,69424.0
2026-04-15T14:37:00Z,260.83,260.86,260.7006,260.82,54510.0
2026-04-15T14:38:00Z,260.81,260.85,260.69,260.74,73272.0
2026-04-15T14:39:00Z,260.74,260.83,260.45,260.48,210439.0
2026-04-15T14:40:00Z,260.46,260.755,260.42,260.635,115928.0
2026-04-15T14:41:00Z,260.65,260.85,260.65,260.77,59482.0
2026-04-15T14:42:00Z,260.77,260.87,260.7,260.81,58233.0
2026-04-15T14:43:00Z,260.81,261.17,260.7592,261.16,141470.0
2026-04-15T14:44:00Z,261.15,261.3399,261.14,261.29,130582.0
2026-04-15T14:45:00Z,261.3,261.3799,261.19,261.32,109971.0
2026-04-15T14:46:00Z,261.32,261.59,261.25,261.515,185828.0
2026-04-15T14:47:00Z,261.51,261.81,261.45,261.805,220456.0
2026-04-15T14:48:00Z,261.8,262.04,261.8,261.93,252074.0
2026-04-15T14:49:00Z,261.94,262.03,261.91,262.02,104066.0
2026-04-15T14:50:00Z,262.0175,262.03,261.89,262.01,77968.0
2026-04-15T14:51:00Z,261.98,261.9894,261.69,261.71,76622.0
2026-04-15T14:52:00Z,261.7,261.8,261.675,261.75,76411.0
2026-04-15T14:53:00Z,261.75,262.15,261.73,262.135,136526.0
2026-04-15T14:54:00Z,262.15,262.775,262.135,262.73,231814.0
2026-04-15T14:55:00Z,262.73,263.125,262.645,262.98,267718.0
2026-04-15T14:56:00Z,262.98,263.25,262.94,263.16,167332.0
2026-04-15T14:57:00Z,263.16,263.22,263.0,263.0493,158200.0
2026-04-15T14:58:00Z,263.044,263.32,262.66,262.74,201743.0
2026-04-15T14:59:00Z,262.74,262.97,262.74,262.945,85608.0
2026-04-15T15:00:00Z,262.96,263.35,262.955,263.31,160747.0
2026-04-15T15:01:00Z,263.29,263.7051,263.27,263.545,189379.0
2026-04-15T15:02:00Z,263.54,263.75,263.53,263.69,127050.0
2026-04-15T15:03:00Z,263.695,263.95,263.4078,263.92,173112.0
2026-04-15T15:04:00Z,263.92,263.95,263.83,263.8908,127279.0
2026-04-15T15:05:00Z,263.89,264.12,263.82,264.055,229390.0
2026-04-15T15:06:00Z,264.05,264.07,263.87,264.0056,259588.0
2026-04-15T15:07:00Z,264.02,264.025,263.53,263.59,270193.0
2026-04-15T15:08:00Z,263.57,263.58,262.95,262.9699,165887.0
2026-04-15T15:09:00Z,262.96,263.12,262.78,262.88,121015.0
2026-04-15T15:10:00Z,262.89,263.16,262.8796,263.16,141823.0
2026-04-15T15:11:00Z,263.14,263.1861,262.98,263.105,149971.0
2026-04-15T15:12:00Z,263.115,263.49,263.115,263.425,140411.0
2026-04-15T15:13:00Z,263.43,263.618,263.43,263.49,99694.0
2026-04-15T15:14:00Z,263.47,263.56,263.44,263.48,84362.0
2026-04-15T15:15:00Z,263.4699,263.53,263.38,263.465,67192.0
2026-04-15T15:16:00Z,263.45,263.53,263.36,263.51,75541.0
2026-04-15T15:17:00Z,263.49,263.53,263.1707,263.23,72990.0
2026-04-15T15:18:00Z,263.23,263.24,262.93,262.945,74862.0
2026-04-15T15:19:00Z,262.935,263.095,262.87,263.07,64941.0
2026-04-15T15:20:00Z,263.06,263.065,262.775,262.775,89080.0
2026-04-15T15:21:00Z,262.7801,262.855,262.45,262.64,127730.0
2026-04-15T15:22:00Z,262.65,262.7101,262.52,262.54,72118.0
2026-04-15T15:23:00Z,262.54,262.81,262.525,262.8,105739.0
2026-04-15T15:24:00Z,262.79,262.87,262.76,262.8,76725.0
2026-04-15T15:25:00Z,262.79,262.84,262.73,262.835,70974.0
2026-04-15T15:26:00Z,262.85,262.96,262.74,262.74,80279.0
2026-04-15T15:27:00Z,262.74,263.05,262.73,263.0,76310.0
2026-04-15T15:28:00Z,262.995,263.1,262.96,262.99,84010.0
2026-04-15T15:29:00Z,263.0,263.2,262.94,263.17,90480.0
2026-04-15T15:30:00Z,263.16,263.24,262.99,263.035,87628.0
2026-04-15T15:31:00Z,263.02,263.18,262.985,263.18,48782.0
2026-04-15T15:32:00Z,263.2,263.36,263.2,263.295,84423.0
2026-04-15T15:33:00Z,263.29,263.45,263.26,263.39,71452.0
2026-04-15T15:34:00Z,263.3778,263.58,263.3778,263.545,131030.0
2026-04-15T15:35:00Z,263.56,263.67,263.51,263.65,81681.0
2026-04-15T15:36:00Z,263.66,263.7697,263.35,263.36,82563.0
2026-04-15T15:37:00Z,263.36,263.64,263.28,263.5901,71329.0
2026-04-15T15:38:00Z,263.6,263.64,263.4114,263.435,53124.0
2026-04-15T15:39:00Z,263.435,263.48,263.32,263.395,79280.0
2026-04-15T15:40:00Z,263.39,263.51,263.3502,263.51,47835.0
2026-04-15T15:41:00Z,263.51,263.69,263.465,263.615,121557.0
2026-04-15T15:42:00Z,263.61,263.82,263.5,263.82,116863.0
2026-04-15T15:43:00Z,263.81,263.84,263.57,263.67,54787.0
2026-04-15T15:44:00Z,263.69,263.76,263.605,263.67,84422.0
2026-04-15T15:45:00Z,263.66,263.755,263.54,263.6,55341.0
2026-04-15T15:46:00Z,263.61,263.8,263.59,263.7901,80369.0
2026-04-15T15:47:00Z,263.79,263.82,263.57,263.62,73517.0
2026-04-15T15:48:00Z,263.625,263.73,263.57,263.68,63284.0
2026-04-15T15:49:00Z,263.66,263.79,263.64,263.715,79217.0
2026-04-15T15:50:00Z,263.73,264.1,263.73,264.09,132413.0
2026-04-15T15:51:00Z,264.08,264.39,264.04,264.34,108938.0
2026-04-15T15:52:00Z,264.33,264.46,264.18,264.44,144006.0
2026-04-15T15:53:00Z,264.45,264.665,264.45,264.6551,108350.0
2026-04-15T15:54:00Z,264.67,264.74,264.5502,264.565,131945.0
2026-04-15T15:55:00Z,264.565,264.77,264.52,264.725,86472.0
2026-04-15T15:56:00Z,264.718,264.735,264.41,264.47,108168.0
2026-04-15T15:57:00Z,264.4667,264.6499,264.36,264.515,89241.0
2026-04-15T15:58:00Z,264.51,264.62,264.51,264.6001,42940.0
2026-04-15T15:59:00Z,264.6008,264.62,264.29,264.395,123751.0
2026-04-15T16:00:00Z,264.38,264.59,264.31,264.58,62775.0
2026-04-15T16:01:00Z,264.58,264.8,264.53,264.74,95530.0
2026-04-15T16:02:00Z,264.79,264.9299,264.77,264.85,105830.0
2026-04-15T16:03:00Z,264.84,265.03,264.8,264.86,256609.0
2026-04-15T16:04:00Z,264.85,265.015,264.84,264.975,102423.0
2026-04-15T16:05:00Z,264.975,265.09,264.62,264.75,193475.0
2026-04-15T16:06:00Z,264.76,264.89,264.53,264.85,148436.0
2026-04-15T16:07:00Z,264.85,265.08,264.85,265.045,90748.0
2026-04-15T16:08:00Z,265.06,265.38,265.06,265.35,119477.0
2026-04-15T16:09:00Z,265.345,265.4,265.27,265.37,58339.0
2026-04-15T16:10:00Z,265.36,265.36,265.186,265.275,98854.0
2026-04-15T16:11:00Z,265.26,265.3599,265.26,265.33,72103.0
2026-04-15T16:12:00Z,265.33,265.38,265.13,265.37,130216.0
2026-04-15T16:13:00Z,265.37,265.42,265.24,265.32,62316.0
2026-04-15T16:14:00Z,265.32,265.33,265.18,265.3,77060.0
2026-04-15T16:15:00Z,265.3,265.4,265.205,265.3,157202.0
2026-04-15T16:16:00Z,265.28,265.4,265.28,265.33,76711.0
2026-04-15T16:17:00Z,265.32,265.35,265.21,265.3,110291.0
2026-04-15T16:18:00Z,265.285,265.51,265.275,265.46,100697.0
2026-04-15T16:19:00Z,265.455,265.47,265.0199,265.07,120660.0
2026-04-15T16:20:00Z,265.07,265.09,264.95,264.99,71093.0
2026-04-15T16:21:00Z,264.99,265.08,264.86,264.96,79831.0
2026-04-15T16:22:00Z,264.965,264.97,264.87,264.88,48780.0
2026-04-15T16:23:00Z,264.88,264.95,264.81,264.86,38189.0
2026-04-15T16:24:00Z,264.84,265.06,264.82,265.03,52935.0
2026-04-15T16:25:00Z,265.03,265.04,264.785,264.895,90025.0
2026-04-15T16:26:00Z,264.91,265.13,264.8601,265.085,83842.0
2026-04-15T16:27:00Z,265.07,265.07,264.82,264.84,48663.0
2026-04-15T16:28:00Z,264.84,264.89,264.67,264.675,91817.0
2026-04-15T16:29:00Z,264.685,264.7385,264.53,264.579,84563.0
2026-04-15T16:30:00Z,264.58,264.585,264.24,264.385,99988.0
2026-04-15T16:31:00Z,264.385,264.59,264.38,264.57,79668.0
2026-04-15T16:32:00Z,264.57,264.73,264.57,264.6223,62756.0
2026-04-15T16:33:00Z,264.63,264.91,264.6,264.91,67003.0
2026-04-15T16:34:00Z,264.935,265.03,264.8305,264.99,81634.0
2026-04-15T16:35:00Z,265.0,265.25,264.94,265.13,104217.0
2026-04-15T16:36:00Z,265.15,265.16,264.8385,264.955,60660.0
2026-04-15T16:37:00Z,264.96,265.19,264.82,265.19,82673.0
2026-04-15T16:38:00Z,265.2,265.3,265.17,265.225,65048.0
2026-04-15T16:39:00Z,265.22,265.35,265.1,265.265,100671.0
2026-04-15T16:40:00Z,265.28,265.39,265.03,265.08,122816.0
2026-04-15T16:41:00Z,265.09,265.14,264.96,265.03,91807.0
2026-04-15T16:42:00Z,265.05,265.07,264.87,264.97,99440.0
2026-04-15T16:43:00Z,264.98,264.98,264.8801,264.96,74350.0
2026-04-15T16:44:00Z,264.98,265.04,264.73,264.785,91008.0
2026-04-15T16:45:00Z,264.76,264.91,264.76,264.79,77927.0
2026-04-15T16:46:00Z,264.77,264.85,264.73,264.785,69553.0
2026-04-15T16:47:00Z,264.79,264.79,264.59,264.62,94185.0
2026-04-15T16:48:00Z,264.61,264.7,264.58,264.61,77361.0
2026-04-15T16:49:00Z,264.605,264.88,264.53,264.83,173784.0
2026-04-15T16:50:00Z,264.83,264.88,264.755,264.84,57050.0
2026-04-15T16:51:00Z,264.84,264.89,264.44,264.5,124561.0
2026-04-15T16:52:00Z,264.49,264.49,264.34,264.44,92385.0
2026-04-15T16:53:00Z,264.44,264.505,264.35,264.47,69705.0
2026-04-15T16:54:00Z,264.47,264.62,264.44,264.58,58283.0
2026-04-15T16:55:00Z,264.59,264.82,264.57,264.79,93452.0
2026-04-15T16:56:00Z,264.83,264.9,264.6,264.88,116034.0
2026-04-15T16:57:00Z,264.88,265.11,264.8,265.06,74841.0
2026-04-15T16:58:00Z,265.07,265.34,265.07,265.3,100199.0
2026-04-15T16:59:00Z,265.28,265.46,265.21,265.455,66965.0
2026-04-15T17:00:00Z,265.46,265.5,265.31,265.39,85231.0
2026-04-15T17:01:00Z,265.39,265.5,265.31,265.34,85770.0
2026-04-15T17:02:00Z,265.345,265.37,265.26,265.3101,69657.0
2026-04-15T17:03:00Z,265.32,265.46,265.3002,265.45,58712.0
2026-04-15T17:04:00Z,265.45,265.58,265.45,265.58,126321.0
2026-04-15T17:05:00Z,265.59,265.69,265.575,265.67,100578.0
2026-04-15T17:06:00Z,265.68,265.79,265.62,265.69,99739.0
2026-04-15T17:07:00Z,265.69,265.69,265.5,265.53,62588.0
2026-04-15T17:08:00Z,265.53,265.59,265.36,265.54,44972.0
2026-04-15T17:09:00Z,265.5499,265.561,265.42,265.515,50857.0
2026-04-15T17:10:00Z,265.51,265.64,265.51,265.605,48558.0
2026-04-15T17:11:00Z,265.6179,265.63,265.55,265.5993,29520.0
2026-04-15T17:12:00Z,265.6,265.65,265.51,265.525,47522.0
2026-04-15T17:13:00Z,265.52,265.54,265.4807,265.54,35193.0
2026-04-15T17:14:00Z,265.535,265.64,265.535,265.585,52247.0
2026-04-15T17:15:00Z,265.58,265.68,265.53,265.6,44362.0
2026-04-15T17:16:00Z,265.62,265.705,265.61,265.69,35348.0
2026-04-15T17:17:00Z,265.69,265.7,265.45,265.5002,75684.0
2026-04-15T17:18:00Z,265.515,265.53,265.47,265.49,26825.0
2026-04-15T17:19:00Z,265.49,265.5,265.16,265.165,119378.0
2026-04-15T17:20:00Z,265.16,265.25,265.14,265.15,64118.0
2026-04-15T17:21:00Z,265.13,265.13,264.97,264.98,78627.0
2026-04-15T17:22:00Z,264.97,265.02,264.91,264.95,52869.0
2026-04-15T17:23:00Z,264.96,265.04,264.94,264.975,47460.0
2026-04-15T17:24:00Z,264.97,265.025,264.93,265.0,32642.0
2026-04-15T17:25:00Z,265.005,265.07,264.86,264.89,46695.0
2026-04-15T17:26:00Z,264.89,265.07,264.87,265.0101,42727.0
2026-04-15T17:27:00Z,265.03,265.12,265.02,265.11,32372.0
2026-04-15T17:28:00Z,265.11,265.12,265.02,265.02,31689.0
2026-04-15T17:29:00Z,265.02,265.02,264.895,264.945,20590.0
2026-04-15T17:30:00Z,264.93,264.94,264.75,264.825,57399.0
2026-04-15T17:31:00Z,264.84,264.94,264.77,264.92,30026.0
2026-04-15T17:32:00Z,264.9299,264.9299,264.815,264.88,31511.0
2026-04-15T17:33:00Z,264.84,264.89,264.84,264.85,25658.0
2026-04-15T17:34:00Z,264.85,264.96,264.83,264.93,34162.0
2026-04-15T17:35:00Z,264.92,264.99,264.92,264.93,27545.0
2026-04-15T17:36:00Z,264.93,264.95,264.8897,264.93,30861.0
2026-04-15T17:37:00Z,264.94,264.96,264.775,264.78,43771.0
2026-04-15T17:38:00Z,264.78,264.7925,264.7001,264.78,538014.0
2026-04-15T17:39:00Z,264.77,264.7801,264.71,264.765,23797.0
2026-04-15T17:40:00Z,264.76,264.81,264.69,264.8,38644.0
2026-04-15T17:41:00Z,264.792,264.81,264.6801,264.71,41947.0
2026-04-15T17:42:00Z,264.7199,264.7399,264.62,264.65,35889.0
2026-04-15T17:43:00Z,264.66,264.73,264.63,264.64,33389.0
2026-04-15T17:44:00Z,264.64,264.82,264.63,264.82,36569.0
2026-04-15T17:45:00Z,264.7948,264.87,264.7948,264.8339,30775.0
2026-04-15T17:46:00Z,264.8401,264.87,264.83,264.86,31255.0
2026-04-15T17:47:00Z,264.875,264.91,264.7701,264.7937,39356.0
2026-04-15T17:48:00Z,264.8,264.81,264.74,264.78,33972.0
2026-04-15T17:49:00Z,264.78,264.79,264.68,264.68,27232.0
2026-04-15T17:50:00Z,264.685,264.77,264.685,264.69,42718.0
2026-04-15T17:51:00Z,264.7,264.86,264.675,264.85,32795.0
2026-04-15T17:52:00Z,264.84,264.84,264.71,264.735,38557.0
2026-04-15T17:53:00Z,264.74,264.8099,264.7201,264.76,31542.0
2026-04-15T17:54:00Z,264.76,264.85,264.74,264.76,31106.0
2026-04-15T17:55:00Z,264.755,264.805,264.74,264.77,30605.0
2026-04-15T17:56:00Z,264.775,264.775,264.72,264.73,45314.0
2026-04-15T17:57:00Z,264.72,264.765,264.61,264.63,36742.0
2026-04-15T17:58:00Z,264.62,264.62,264.5,264.52,54613.0
2026-04-15T17:59:00Z,264.53,264.55,264.4,264.4,52776.0
2026-04-15T18:00:00Z,264.39,264.4801,264.3,264.445,40182.0
2026-04-15T18:01:00Z,264.45,264.75,264.43,264.57,86458.0
2026-04-15T18:02:00Z,264.575,264.95,264.56,264.77,74834.0
2026-04-15T18:03:00Z,264.76,264.76,264.61,264.68,31194.0
2026-04-15T18:04:00Z,264.67,264.75,264.65,264.75,20910.0
2026-04-15T18:05:00Z,264.78,264.86,264.78,264.86,45637.0
2026-04-15T18:06:00Z,264.85,264.91,264.78,264.78,48468.0
2026-04-15T18:07:00Z,264.785,264.92,264.745,264.895,29392.0
2026-04-15T18:08:00Z,264.88,265.011,264.88,264.94,40601.0
2026-04-15T18:09:00Z,264.94,265.06,264.9,265.03,45343.0
2026-04-15T18:10:00Z,265.03,265.03,264.9,264.91,35218.0
2026-04-15T18:11:00Z,264.91,265.07,264.9,265.07,38217.0
2026-04-15T18:12:00Z,265.08,265.08,264.98,264.99,34184.0
2026-04-15T18:13:00Z,264.99,265.11,264.99,265.08,35748.0
2026-04-15T18:14:00Z,265.07,265.085,265.01,265.03,23752.0
2026-04-15T18:15:00Z,265.03,265.19,265.03,265.18,42925.0
2026-04-15T18:16:00Z,265.17,265.21,265.15,265.1801,44579.0
2026-04-15T18:17:00Z,265.2,265.215,265.0801,265.1,41149.0
2026-04-15T18:18:00Z,265.1,265.13,265.03,265.085,32609.0
2026-04-15T18:19:00Z,265.085,265.12,265.05,265.07,27053.0
2026-04-15T18:20:00Z,265.07,265.12,264.99,265.1,46703.0
2026-04-15T18:21:00Z,265.1,265.125,265.08,265.12,19870.0
2026-04-15T18:22:00Z,265.115,265.173,265.11,265.1602,33173.0
2026-04-15T18:23:00Z,265.17,265.215,265.1601,265.215,43938.0
2026-04-15T18:24:00Z,265.22,265.3,265.18,265.2295,57397.0
2026-04-15T18:25:00Z,265.22,265.26,265.14,265.1731,31086.0
2026-04-15T18:26:00Z,265.18,265.2,265.11,265.12,34243.0
2026-04-15T18:27:00Z,265.13,265.1999,265.115,265.167,31015.0
2026-04-15T18:28:00Z,265.16,265.25,265.12,265.215,29220.0
2026-04-15T18:29:00Z,265.215,265.22,265.175,265.181,21968.0
2026-04-15T18:30:00Z,265.18,265.29,265.18,265.26,48436.0
2026-04-15T18:31:00Z,265.25,265.31,265.23,265.28,35835.0
2026-04-15T18:32:00Z,265.2899,265.47,265.2899,265.47,48074.0
2026-04-15T18:33:00Z,265.48,265.48,265.41,265.455,47220.0
2026-04-15T18:34:00Z,265.47,265.6,265.47,265.6,88802.0
2026-04-15T18:35:00Z,265.58,265.62,265.5584,265.5851,43497.0
2026-04-15T18:36:00Z,265.59,265.64,265.54,265.6,36024.0
2026-04-15T18:37:00Z,265.61,265.69,265.61,265.665,40390.0
2026-04-15T18:38:00Z,265.66,265.6899,265.62,265.64,30938.0
2026-04-15T18:39:00Z,265.635,265.65,265.585,265.645,31393.0
2026-04-15T18:40:00Z,265.65,265.69,265.51,265.525,34608.0
2026-04-15T18:41:00Z,265.53,265.53,265.4,265.445,39509.0
2026-04-15T18:42:00Z,265.445,265.5,265.44,265.47,21988.0
2026-04-15T18:43:00Z,265.48,265.59,265.48,265.585,39256.0
2026-04-15T18:44:00Z,265.585,265.61,265.56,265.59,35737.0
2026-04-15T18:45:00Z,265.59,265.73,265.5867,265.71,36285.0
2026-04-15T18:46:00Z,265.695,265.71,265.635,265.65,39823.0
2026-04-15T18:47:00Z,265.66,265.73,265.6301,265.6301,47833.0
2026-04-15T18:48:00Z,265.64,265.67,265.6101,265.645,47757.0
2026-04-15T18:49:00Z,265.65,265.6799,265.635,265.6442,23659.0
2026-04-15T18:50:00Z,265.64,265.7,265.62,265.67,55437.0
2026-04-15T18:51:00Z,265.67,265.71,265.63,265.6901,35922.0
2026-04-15T18:52:00Z,265.695,265.71,265.64,265.69,31834.0
2026-04-15T18:53:00Z,265.705,265.72,265.65,265.67,36528.0
2026-04-15T18:54:00Z,265.67,265.68,265.63,265.65,26396.0
2026-04-15T18:55:00Z,265.645,265.72,265.635,265.71,35371.0
2026-04-15T18:56:00Z,265.71,265.8,265.71,265.735,50857.0
2026-04-15T18:57:00Z,265.74,265.85,265.74,265.795,70177.0
2026-04-15T18:58:00Z,265.79,265.865,265.775,265.86,50153.0
2026-04-15T18:59:00Z,265.86,265.86,265.6401,265.6401,43379.0
2026-04-15T19:00:00Z,265.65,265.6597,265.5409,265.61,87748.0
2026-04-15T19:01:00Z,265.5901,265.69,265.58,265.595,60401.0
2026-04-15T19:02:00Z,265.595,265.73,265.595,265.73,43054.0
2026-04-15T19:03:00Z,265.73,265.79,265.69,265.7,99503.0
2026-04-15T19:04:00Z,265.7051,265.7051,265.4,265.54,67388.0
2026-04-15T19:05:00Z,265.54,265.6,265.47,265.55,79847.0
2026-04-15T19:06:00Z,265.56,265.59,265.5002,265.545,83305.0
2026-04-15T19:07:00Z,265.53,265.59,265.5,265.59,43072.0
2026-04-15T19:08:00Z,265.58,265.605,265.48,265.51,47622.0
2026-04-15T19:09:00Z,265.515,265.58,265.48,265.52,60836.0
2026-04-15T19:10:00Z,265.5183,265.605,265.51,265.6,39944.0
2026-04-15T19:11:00Z,265.605,265.61,265.4001,265.45,53808.0
2026-04-15T19:12:00Z,265.45,265.45,265.34,265.37,69651.0
2026-04-15T19:13:00Z,265.36,265.5,265.36,265.48,39645.0
2026-04-15T19:14:00Z,265.48,265.5,265.4,265.445,43984.0
2026-04-15T19:15:00Z,265.45,265.53,265.45,265.48,33257.0
2026-04-15T19:16:00Z,265.475,265.63,265.47,265.6299,93602.0
2026-04-15T19:17:00Z,265.63,265.65,265.56,265.58,43083.0
2026-04-15T19:18:00Z,265.58,265.66,265.56,265.65,50625.0
2026-04-15T19:19:00Z,265.66,265.66,265.49,265.53,45272.0
2026-04-15T19:20:00Z,265.535,265.535,265.36,265.4,47104.0
2026-04-15T19:21:00Z,265.41,265.46,265.36,265.44,37437.0
2026-04-15T19:22:00Z,265.44,265.52,265.43,265.5,29389.0
2026-04-15T19:23:00Z,265.5,265.51,265.45,265.485,42647.0
2026-04-15T19:24:00Z,265.485,265.53,265.39,265.52,120820.0
2026-04-15T19:25:00Z,265.53,265.69,265.53,265.6,65151.0
2026-04-15T19:26:00Z,265.6099,265.65,265.465,265.49,53289.0
2026-04-15T19:27:00Z,265.5,265.52,265.44,265.475,46784.0
2026-04-15T19:28:00Z,265.475,265.5,265.34,265.37,47469.0
2026-04-15T19:29:00Z,265.37,265.41,265.27,265.36,45041.0
2026-04-15T19:30:00Z,265.31,265.42,265.25,265.415,113732.0
2026-04-15T19:31:00Z,265.41,265.59,265.4,265.59,65629.0
2026-04-15T19:32:00Z,265.57,265.65,265.505,265.53,72150.0
2026-04-15T19:33:00Z,265.53,265.69,265.53,265.68,94816.0
2026-04-15T19:34:00Z,265.68,265.75,265.68,265.72,62627.0
2026-04-15T19:35:00Z,265.715,265.86,265.7064,265.785,97758.0
2026-04-15T19:36:00Z,265.78,265.89,265.78,265.87,60202.0
2026-04-15T19:37:00Z,265.87,265.93,265.85,265.865,62390.0
2026-04-15T19:38:00Z,265.865,265.867,265.7,265.815,145859.0
2026-04-15T19:39:00Z,265.81,265.92,265.79,265.845,67430.0
2026-04-15T19:40:00Z,265.845,265.845,265.53,265.59,132891.0
2026-04-15T19:41:00Z,265.59,265.71,265.52,265.66,113392.0
2026-04-15T19:42:00Z,265.65,265.74,265.52,265.73,101936.0
2026-04-15T19:43:00Z,265.75,265.84,265.73,265.745,88370.0
2026-04-15T19:44:00Z,265.75,265.78,265.69,265.74,53400.0
2026-04-15T19:45:00Z,265.74,265.775,265.705,265.705,77097.0
2026-04-15T19:46:00Z,265.71,265.82,265.695,265.8098,84639.0
2026-04-15T19:47:00Z,265.81,265.9,265.695,265.83,129184.0
2026-04-15T19:48:00Z,265.815,266.02,265.8,265.98,205893.0
2026-04-15T19:49:00Z,265.975,265.98,265.75,265.8,105068.0
2026-04-15T19:50:00Z,265.81,265.99,265.76,265.9001,217381.0
2026-04-15T19:51:00Z,265.895,265.93,265.6901,265.87,485944.0
2026-04-15T19:52:00Z,265.87,266.085,265.76,265.83,252285.0
2026-04-15T19:53:00Z,265.83,265.87,265.7,265.84,140918.0
2026-04-15T19:54:00Z,265.85,266.22,265.85,265.995,248394.0
2026-04-15T19:55:00Z,265.99,266.32,265.98,266.215,370694.0
2026-04-15T19:56:00Z,266.215,266.335,266.155,266.275,867276.0
2026-04-15T19:57:00Z,266.28,266.41,266.22,266.4,368435.0
2026-04-15T19:58:00Z,266.3901,266.48,266.37,266.375,463641.0
2026-04-15T19:59:00Z,266.375,266.56,266.26,266.37,1151106.0
2026-04-15T20:00:00Z,266.37,266.47,266.36,266.37,9136843.0
2026-04-15T20:01:00Z,266.36,266.37,266.31,266.3318,72231.0
2026-04-15T20:02:00Z,266.24,266.37,266.2203,266.25,1429942.0
2026-04-15T20:03:00Z,266.24,266.2995,266.24,266.24,591352.0
2026-04-15T20:04:00Z,266.26,266.26,266.21,266.21,205687.0
2026-04-15T20:05:00Z,266.11,266.11,265.99,266.01,6908.0
2026-04-15T20:06:00Z,266.2,266.2,266.2,266.2,567.0
2026-04-15T20:07:00Z,266.24,266.24,266.06,266.06,2783.0
2026-04-15T20:11:00Z,266.25,266.25,266.25,266.25,1190.0
2026-04-15T20:14:00Z,266.15,266.15,266.1101,266.15,2904.0
2026-04-15T20:15:00Z,266.15,266.15,266.1,266.15,2863.0
2026-04-15T20:16:00Z,266.15,266.15,266.15,266.15,763.0
2026-04-15T20:18:00Z,266.15,266.15,266.15,266.15,710.0
2026-04-15T20:19:00Z,266.08,266.1,266.06,266.1,959.0
2026-04-15T20:20:00Z,266.06,266.06,266.05,266.05,2298.0
2026-04-15T20:21:00Z,266.05,266.43,266.05,266.43,2987.0
2026-04-15T20:22:00Z,266.08,266.15,266.08,266.1,3505.0
2026-04-15T20:24:00Z,266.09,266.15,266.09,266.1,3859.0
2026-04-15T20:25:00Z,266.1,266.1,266.09,266.09,1992.0
2026-04-15T20:26:00Z,266.09,266.1,266.09,266.1,2276.0
2026-04-15T20:27:00Z,266.13,266.13,266.09,266.09,2009.0
2026-04-15T20:28:00Z,266.09,266.13,266.09,266.13,1252.0
2026-04-15T20:29:00Z,266.13,266.13,266.13,266.13,723.0
2026-04-15T20:30:00Z,266.19,266.2,266.1561,266.1561,1293.0
2026-04-15T20:31:00Z,266.13,266.13,266.13,266.13,628.0
2026-04-15T20:33:00Z,266.13,266.26,266.13,266.25,6888.0
2026-04-15T20:35:00Z,266.01,266.21,265.9,266.21,3853.0
2026-04-15T20:36:00Z,266.09,266.16,266.09,266.09,4476.0
2026-04-15T20:37:00Z,266.091,266.091,266.09,266.09,487.0
2026-04-15T20:38:00Z,266.09,266.09,266.07,266.07,590.0
2026-04-15T20:40:00Z,266.0293,266.03,266.0293,266.03,1590.0
2026-04-15T20:41:00Z,266.02,266.12,266.02,266.12,1142.0
2026-04-15T20:42:00Z,266.12,266.12,266.12,266.12,501.0
2026-04-15T20:45:00Z,266.1,266.16,266.1,266.1,1197.0
2026-04-15T20:46:00Z,266.1012,266.1012,266.1,266.1001,1304.0
2026-04-15T20:47:00Z,266.01,266.01,266.01,266.01,263.0
2026-04-15T20:48:00Z,265.99,265.99,265.9501,265.9501,791.0
2026-04-15T20:49:00Z,266.0,266.0,266.0,266.0,483.0
2026-04-15T20:50:00Z,265.98,266.05,265.96,266.0,3390.0
2026-04-15T20:51:00Z,265.99,266.0,265.99,266.0,50795.0
2026-04-15T20:52:00Z,266.0299,266.0299,266.0299,266.0299,136994.0
2026-04-15T20:53:00Z,266.14,266.2,266.14,266.2,4931.0
2026-04-15T20:54:00Z,266.27,266.3,266.27,266.2997,2932.0
2026-04-15T20:55:00Z,266.3,266.47,266.3,266.47,8691.0
2026-04-15T20:56:00Z,266.43,266.43,266.43,266.43,1994.0
2026-04-15T20:58:00Z,266.48,266.49,266.4378,266.4378,1192.0
2026-04-15T20:59:00Z,266.43,266.43,266.43,266.43,317.0
2026-04-15T21:01:00Z,266.486,266.486,266.486,266.486,182.0
2026-04-15T21:02:00Z,266.49,266.49,266.49,266.49,420.0
2026-04-15T21:03:00Z,266.49,266.49,266.43,266.43,945.0
2026-04-15T21:04:00Z,266.43,266.49,266.43,266.43,503.0
2026-04-15T21:05:00Z,266.4822,266.4822,266.43,266.43,1553.0
2026-04-15T21:06:00Z,266.4304,266.4304,266.4304,266.4304,234.0
2026-04-15T21:11:00Z,266.4887,266.4887,266.4887,266.4887,1033.0
2026-04-15T21:12:00Z,266.5,266.5,266.5,266.5,1438.0
2026-04-15T21:13:00Z,266.47,266.5448,266.47,266.4978,477.0
2026-04-15T21:14:00Z,266.55,266.55,266.55,266.55,439.0
2026-04-15T21:15:00Z,266.55,266.74,266.55,266.74,4153.0
2026-04-15T21:16:00Z,266.6,266.7,266.6,266.7,895.0
2026-04-15T21:17:00Z,266.65,266.65,266.5891,266.5891,565.0
2026-04-15T21:18:00Z,266.58,266.61,266.58,266.61,680.0
2026-04-15T21:19:00Z,266.61,266.77,266.61,266.77,2661.0
2026-04-15T21:21:00Z,266.7,266.7,266.7,266.7,301.0
2026-04-15T21:24:00Z,266.66,266.66,266.66,266.66,514.0
2026-04-15T21:25:00Z,266.61,266.61,266.61,266.61,684.0
2026-04-15T21:26:00Z,266.6,266.6,266.6,266.6,410.0
2026-04-15T21:30:00Z,266.64,266.64,266.54,266.54,758.0
2026-04-15T21:31:00Z,266.63,266.63,266.51,266.51,1312.0
2026-04-15T21:32:00Z,266.7,266.7,266.7,266.7,433.0
2026-04-15T21:33:00Z,266.6,266.6,266.6,266.6,627.0
2026-04-15T21:34:00Z,266.59,266.59,266.59,266.59,294.0
2026-04-15T21:36:00Z,266.55,266.55,266.55,266.55,226.0
2026-04-15T21:37:00Z,266.58,266.58,266.58,266.58,259.0
2026-04-15T21:39:00Z,266.59,266.59,266.53,266.53,583.0
2026-04-15T21:40:00Z,266.53,266.53,266.51,266.51,544.0
2026-04-15T21:41:00Z,266.5,266.51,266.5,266.5,1177.0
2026-04-15T21:43:00Z,266.51,266.51,266.5,266.5,440.0
2026-04-15T21:45:00Z,266.51,266.51,266.51,266.51,295.0
2026-04-15T21:46:00Z,266.5,266.5,266.5,266.5,452.0
2026-04-15T21:47:00Z,266.5,266.5,266.5,266.5,182.0
2026-04-15T21:48:00Z,266.5,266.55,266.5,266.55,537.0
2026-04-15T21:50:00Z,266.51,266.51,266.51,266.51,265.0
2026-04-15T21:51:00Z,266.5,266.5,266.5,266.5,200.0
2026-04-15T21:52:00Z,266.5,266.5,266.5,266.5,225.0
2026-04-15T21:55:00Z,266.5298,266.5298,266.5,266.5,4301.0
2026-04-15T21:57:00Z,266.5,266.5,266.5,266.5,484.0
2026-04-15T21:58:00Z,266.501,266.501,266.501,266.501,264.0
2026-04-15T21:59:00Z,266.52,266.52,266.52,266.52,1643.0
2026-04-15T22:00:00Z,266.5,266.5,266.43,266.43,2907.0
2026-04-15T22:01:00Z,266.41,266.41,266.41,266.41,306.0
2026-04-15T22:03:00Z,266.41,266.42,266.41,266.42,685.0
2026-04-15T22:06:00Z,266.45,266.46,266.45,266.46,421.0
2026-04-15T22:08:00Z,266.48,266.48,266.39,266.46,3818.0
2026-04-15T22:09:00Z,266.48,266.5,266.48,266.5,1235.0
2026-04-15T22:10:00Z,266.44,266.479,266.44,266.479,1207.0
2026-04-15T22:11:00Z,266.46,266.46,266.46,266.46,255.0
2026-04-15T22:12:00Z,266.45,266.48,266.45,266.48,918.0
2026-04-15T22:15:00Z,266.43,266.5374,266.43,266.52,102964.0
2026-04-15T22:16:00Z,266.4805,266.4805,266.4805,266.4805,320.0
2026-04-15T22:17:00Z,266.48,266.54,266.48,266.5399,534.0
2026-04-15T22:19:00Z,266.5399,266.5399,266.48,266.48,720.0
2026-04-15T22:20:00Z,266.54,266.54,266.54,266.54,164.0
2026-04-15T22:21:00Z,266.4412,266.4412,266.4412,266.4412,613.0
2026-04-15T22:23:00Z,266.44,266.49,266.44,266.49,1261.0
2026-04-15T22:30:00Z,266.52,266.52,266.52,266.52,334.0
2026-04-15T22:31:00Z,266.53,266.55,266.53,266.55,1196.0
2026-04-15T22:32:00Z,266.53,266.53,266.53,266.53,956.0
2026-04-15T22:35:00Z,266.51,266.54,266.51,266.54,802.0
2026-04-15T22:36:00Z,266.55,266.55,266.55,266.55,372.0
2026-04-15T22:37:00Z,266.59,266.59,266.59,266.59,618.0
2026-04-15T22:38:00Z,266.6,266.6,266.6,266.6,518.0
2026-04-15T22:41:00Z,266.7331,266.7331,266.7331,266.7331,146.0
2026-04-15T22:42:00Z,266.7,266.7,266.63,266.63,374.0
2026-04-15T22:43:00Z,266.62,266.62,266.62,266.62,191.0
2026-04-15T22:45:00Z,266.7,266.7,266.69,266.69,608.0
2026-04-15T22:46:00Z,266.69,266.69,266.69,266.69,396.0
2026-04-15T22:47:00Z,266.62,266.65,266.62,266.65,760.0
2026-04-15T22:48:00Z,266.7,266.7,266.7,266.7,429.0
2026-04-15T22:49:00Z,266.63,266.63,266.63,266.63,243.0
2026-04-15T22:52:00Z,266.62,266.62,266.55,266.55,703.0
2026-04-15T22:54:00Z,266.55,266.57,266.55,266.57,637.0
2026-04-15T23:02:00Z,266.6427,266.6427,266.6427,266.6427,519.0
2026-04-15T23:05:00Z,266.57,266.5804,266.57,266.5804,535.0
2026-04-15T23:06:00Z,266.65,266.65,266.65,266.65,1118.0
2026-04-15T23:09:00Z,266.59,266.59,266.56,266.56,2778.0
2026-04-15T23:11:00Z,266.5916,266.5916,266.55,266.55,749.0
2026-04-15T23:12:00Z,266.55,266.55,266.5,266.5,2572.0
2026-04-15T23:14:00Z,266.55,266.55,266.55,266.55,324.0
2026-04-15T23:19:00Z,266.6143,266.6143,266.58,266.58,380.0
2026-04-15T23:21:00Z,266.65,266.65,266.56,266.56,1249.0
2026-04-15T23:25:00Z,266.53,266.53,266.51,266.51,3404.0
2026-04-15T23:26:00Z,266.53,266.53,266.53,266.53,355.0
2026-04-15T23:27:00Z,266.59,266.59,266.59,266.59,226.0
2026-04-15T23:29:00Z,266.5,266.5,266.5,266.5,424.0
2026-04-15T23:31:00Z,266.5,266.5,266.5,266.5,739.0
2026-04-15T23:33:00Z,266.58,266.58,266.58,266.58,520.0
2026-04-15T23:35:00Z,266.56,266.56,266.56,266.56,167.0
2026-04-15T23:37:00Z,266.65,266.65,266.65,266.65,189.0
2026-04-15T23:38:00Z,266.56,266.56,266.56,266.56,365.0
2026-04-15T23:39:00Z,266.65,266.69,266.62,266.62,1008.0
2026-04-15T23:40:00Z,266.6,266.75,266.6,266.75,369.0
2026-04-15T23:42:00Z,266.68,266.68,266.68,266.68,137.0
2026-04-15T23:44:00Z,266.6924,266.7344,266.6924,266.7344,685.0
2026-04-15T23:45:00Z,266.75,266.75,266.65,266.68,637.0
2026-04-15T23:46:00Z,266.7297,266.78,266.7297,266.77,2413.0
2026-04-15T23:47:00Z,266.75,266.8,266.75,266.8,2891.0
2026-04-15T23:48:00Z,266.89,266.96,266.89,266.95,923.0
2026-04-15T23:49:00Z,266.99,266.99,266.8,266.8599,1043.0
2026-04-15T23:50:00Z,266.86,266.95,266.858,266.9117,1337.0
2026-04-15T23:51:00Z,266.9,266.9,266.9,266.9,3407.0
2026-04-15T23:52:00Z,266.9,266.9,266.8,266.8,18301.0
2026-04-15T23:53:00Z,266.9,266.94,266.9,266.94,2533.0
2026-04-15T23:54:00Z,266.89,266.89,266.89,266.89,149.0
2026-04-15T23:56:00Z,266.95,266.95,266.9,266.9,1561.0
2026-04-15T23:57:00Z,266.91,266.96,266.9,266.96,915.0
2026-04-15T23:58:00Z,266.94,266.94,266.9,266.9001,809.0
2026-04-15T23:59:00Z,266.9,266.9,266.9,266.9,686.0
2026-04-16T08:00:00Z,266.6,266.95,266.2496,266.41,39405.0
2026-04-16T08:01:00Z,266.24,266.5,266.19,266.49,15707.0
2026-04-16T08:02:00Z,266.37,266.37,266.05,266.05,2772.0
2026-04-16T08:03:00Z,266.2,266.2,266.18,266.2,3658.0
2026-04-16T08:04:00Z,266.19,266.19,266.19,266.19,440.0
2026-04-16T08:05:00Z,266.1,266.11,266.1,266.1,1443.0
2026-04-16T08:06:00Z,266.1,266.1,266.05,266.05,1017.0
2026-04-16T08:07:00Z,266.02,266.02,265.85,265.85,3308.0
2026-04-16T08:08:00Z,265.88,265.89,265.88,265.89,1096.0
2026-04-16T08:09:00Z,265.96,265.96,265.96,265.96,219.0
2026-04-16T08:14:00Z,265.93,265.93,265.93,265.93,874.0
2026-04-16T08:15:00Z,265.91,265.91,265.88,265.88,1105.0
2026-04-16T08:16:00Z,265.8,265.8,265.8,265.8,1259.0
2026-04-16T08:17:00Z,265.8,265.8,265.8,265.8,181.0
2026-04-16T08:18:00Z,266.0,266.1,266.0,266.1,2134.0
2026-04-16T08:20:00Z,266.34,266.34,266.34,266.34,422.0
2026-04-16T08:22:00Z,266.33,266.33,266.31,266.31,1083.0
2026-04-16T08:24:00Z,266.2,266.2,266.2,266.2,1322.0
2026-04-16T08:28:00Z,266.25,266.25,266.25,266.25,233.0
2026-04-16T08:30:00Z,266.1,266.1,266.07,266.07,1359.0
2026-04-16T08:31:00Z,266.0083,266.0083,266.0083,266.0083,131.0
2026-04-16T08:32:00Z,266.0,266.09,266.0,266.0,1981.0
2026-04-16T08:33:00Z,266.09,266.09,266.09,266.09,413.0
2026-04-16T08:40:00Z,266.24,266.24,266.24,266.24,338.0
2026-04-16T08:41:00Z,266.2,266.2,266.2,266.2,429.0
2026-04-16T08:46:00Z,266.18,266.18,266.18,266.18,168.0
2026-04-16T08:47:00Z,266.15,266.15,266.15,266.15,312.0
2026-04-16T08:48:00Z,266.11,266.15,266.11,266.15,706.0
2026-04-16T08:55:00Z,266.34,266.34,266.34,266.34,244.0
2026-04-16T08:56:00Z,266.34,266.35,266.34,266.35,747.0
2026-04-16T08:58:00Z,266.43,266.5,266.43,266.49,5075.0
2026-04-16T08:59:00Z,266.5,266.5,266.42,266.5,1275.0
2026-04-16T09:00:00Z,266.35,266.35,266.35,266.35,126.0
2026-04-16T09:01:00Z,266.46,266.46,266.46,266.46,649.0
2026-04-16T09:02:00Z,266.45,266.5,266.45,266.5,1209.0
2026-04-16T09:03:00Z,266.5,266.5,266.5,266.5,283.0
2026-04-16T09:04:00Z,266.5,266.5,266.5,266.5,541.0
2026-04-16T09:05:00Z,266.4,266.4,266.4,266.4,692.0
2026-04-16T09:06:00Z,266.46,266.46,266.46,266.46,420.0
2026-04-16T09:07:00Z,266.29,266.29,266.16,266.16,1381.0
2026-04-16T09:08:00Z,266.11,266.21,266.11,266.14,1772.0
2026-04-16T09:13:00Z,266.3,266.35,266.25,266.35,4039.0
2026-04-16T09:14:00Z,266.3,266.3,266.25,266.25,637.0
2026-04-16T09:18:00Z,266.25,266.25,266.25,266.25,372.0
2026-04-16T09:19:00Z,266.49,266.49,266.25,266.25,779.0
2026-04-16T09:20:00Z,266.25,266.25,266.25,266.25,1053.0
2026-04-16T09:31:00Z,266.35,266.35,266.35,266.35,395.0
2026-04-16T09:34:00Z,266.39,266.39,266.39,266.39,360.0
2026-04-16T09:36:00Z,266.3876,266.3876,266.3876,266.3876,235.0
2026-04-16T09:39:00Z,266.43,266.43,266.43,266.43,1148.0
2026-04-16T09:40:00Z,266.5,266.5,266.5,266.5,902.0
2026-04-16T09:46:00Z,266.48,266.49,266.48,266.49,658.0
2026-04-16T09:49:00Z,266.36,266.4,266.36,266.4,644.0
2026-04-16T09:55:00Z,266.4818,266.54,266.4818,266.54,2106.0
2026-04-16T09:57:00Z,266.54,266.54,266.54,266.54,209.0
2026-04-16T10:04:00Z,266.62,266.62,266.6,266.6,595.0
2026-04-16T10:06:00Z,266.63,266.63,266.63,266.63,316.0
2026-04-16T10:07:00Z,266.66,266.66,266.66,266.66,705.0
2026-04-16T10:09:00Z,266.67,266.78,266.67,266.78,524.0
2026-04-16T10:10:00Z,266.78,266.78,266.74,266.74,634.0
2026-04-16T10:12:00Z,266.62,266.62,266.6,266.6,1529.0
2026-04-16T10:16:00Z,266.48,266.48,266.48,266.48,575.0
2026-04-16T10:17:00Z,266.36,266.36,266.36,266.36,631.0
2026-04-16T10:18:00Z,266.31,266.31,266.25,266.26,2037.0
2026-04-16T10:21:00Z,266.35,266.35,266.25,266.25,1656.0
2026-04-16T10:22:00Z,266.16,266.19,266.15,266.19,1758.0
2026-04-16T10:23:00Z,266.05,266.05,266.0,266.0,1537.0
2026-04-16T10:24:00Z,266.32,266.32,266.32,266.32,311.0
2026-04-16T10:30:00Z,266.34,266.34,266.34,266.34,726.0
2026-04-16T10:31:00Z,266.42,266.47,266.42,266.47,1916.0
2026-04-16T10:33:00Z,266.6,266.6,266.6,266.6,424.0
2026-04-16T10:35:00Z,266.73,266.78,266.73,266.78,1086.0
2026-04-16T10:36:00Z,266.78,266.78,266.605,266.78,1020.0
2026-04-16T10:37:00Z,266.85,266.9,266.85,266.9,2576.0
2026-04-16T10:38:00Z,266.96,266.96,266.96,266.96,598.0
2026-04-16T10:39:00Z,267.0,267.05,267.0,267.05,2987.0
2026-04-16T10:40:00Z,266.9,266.9,266.71,266.71,1683.0
2026-04-16T10:42:00Z,267.0,267.26,267.0,267.26,6571.0
2026-04-16T10:43:00Z,267.46,267.46,267.46,267.46,1264.0
2026-04-16T10:44:00Z,267.45,267.5,267.23,267.5,6585.0
2026-04-16T10:45:00Z,267.4,267.4,267.01,267.01,2953.0
2026-04-16T10:46:00Z,267.5,267.55,267.5,267.51,3570.0
2026-04-16T10:47:00Z,267.59,267.59,267.38,267.38,1487.0
2026-04-16T10:48:00Z,267.85,267.9443,267.69,267.69,8347.0
2026-04-16T10:49:00Z,267.78,268.3,267.66,267.88,10934.0
2026-04-16T10:50:00Z,268.01,268.1,268.0,268.1,2964.0
2026-04-16T10:51:00Z,268.3,268.47,268.25,268.4,4558.0
2026-04-16T10:52:00Z,268.3,268.5,268.19,268.19,7749.0
2026-04-16T10:53:00Z,268.17,268.2,268.05,268.05,2893.0
2026-04-16T10:54:00Z,268.13,268.2,268.05,268.07,4879.0
2026-04-16T10:55:00Z,268.07,268.07,267.97,267.99,1641.0
2026-04-16T10:56:00Z,267.93,267.94,267.87,267.87,1109.0
2026-04-16T10:58:00Z,267.82,267.9652,267.82,267.9652,1390.0
2026-04-16T10:59:00Z,267.82,267.92,267.64,267.65,5680.0
2026-04-16T11:00:00Z,267.65,267.8,267.51,267.8,5699.0
2026-04-16T11:01:00Z,267.89,268.0,267.89,267.9564,4118.0
2026-04-16T11:03:00Z,268.09,268.09,268.02,268.02,1149.0
2026-04-16T11:04:00Z,268.0734,268.0734,267.9102,267.9888,3012.0
2026-04-16T11:05:00Z,267.97,268.015,267.82,267.93,6660.0
2026-04-16T11:06:00Z,267.9705,267.9705,267.95,267.95,1342.0
2026-04-16T11:07:00Z,267.8095,268.15,267.8095,268.15,3932.0
2026-04-16T11:08:00Z,268.19,268.35,268.11,268.35,6008.0
2026-04-16T11:09:00Z,268.3017,268.3017,268.24,268.27,1247.0
2026-04-16T11:10:00Z,268.1519,268.16,268.1,268.1,3181.0
2026-04-16T11:11:00Z,268.14,268.17,268.14,268.17,659.0
2026-04-16T11:12:00Z,268.1883,268.2479,268.1205,268.22,1430.0
2026-04-16T11:13:00Z,268.15,268.15,268.11,268.11,1541.0
2026-04-16T11:14:00Z,268.1,268.1,268.09,268.09,809.0
2026-04-16T11:16:00Z,268.28,268.28,268.0802,268.0802,431.0
2026-04-16T11:17:00Z,268.25,268.25,268.25,268.25,2100.0
2026-04-16T11:18:00Z,268.2558,268.27,268.05,268.27,3511.0
2026-04-16T11:19:00Z,268.23,268.23,268.23,268.23,392.0
2026-04-16T11:20:00Z,268.18,268.18,268.01,268.02,5581.0
2026-04-16T11:21:00Z,268.14,268.14,268.07,268.07,928.0
2026-04-16T11:22:00Z,268.15,268.15,268.06,268.07,1292.0
2026-04-16T11:23:00Z,268.1,268.2341,268.1,268.2341,584.0
2026-04-16T11:24:00Z,268.19,268.19,268.05,268.05,3698.0
2026-04-16T11:25:00Z,268.03,268.05,268.0,268.0117,2616.0
2026-04-16T11:26:00Z,268.0117,268.09,268.0,268.09,762.0
2026-04-16T11:27:00Z,268.0,268.06,268.0,268.0,1733.0
2026-04-16T11:28:00Z,268.15,268.22,268.15,268.22,1929.0
2026-04-16T11:29:00Z,268.25,268.27,268.2117,268.27,3959.0
2026-04-16T11:30:00Z,268.25,268.27,268.1,268.26,4352.0
2026-04-16T11:31:00Z,268.26,268.27,268.19,268.19,1496.0
2026-04-16T11:32:00Z,268.28,268.3,268.28,268.3,649.0
2026-04-16T11:33:00Z,268.35,268.35,268.31,268.31,1245.0
2026-04-16T11:34:00Z,268.35,268.75,268.35,268.75,9825.0
2026-04-16T11:35:00Z,268.65,268.65,268.57,268.57,1098.0
2026-04-16T11:36:00Z,268.6,268.61,268.3315,268.61,2050.0
2026-04-16T11:37:00Z,268.52,268.589,268.47,268.47,1701.0
2026-04-16T11:38:00Z,268.49,268.6096,268.46,268.6096,1437.0
2026-04-16T11:39:00Z,268.6,268.6,268.4,268.4,543.0
2026-04-16T11:41:00Z,268.4698,268.5,268.4698,268.5,697.0
2026-04-16T11:42:00Z,268.5,268.5,268.37,268.499,1412.0
2026-04-16T11:43:00Z,268.43,268.43,268.41,268.41,1270.0
2026-04-16T11:44:00Z,268.4,268.5,268.4,268.46,1567.0
2026-04-16T11:45:00Z,268.4478,268.5799,268.4478,268.5799,472.0
2026-04-16T11:46:00Z,268.45,268.45,268.35,268.35,567.0
2026-04-16T11:48:00Z,268.39,268.5948,268.35,268.545,4008.0
2026-04-16T11:49:00Z,268.6,268.6,268.5897,268.5897,1165.0
2026-04-16T11:50:00Z,268.5052,268.85,268.5052,268.85,2617.0
2026-04-16T11:51:00Z,268.65,268.83,268.64,268.83,2021.0
2026-04-16T11:52:00Z,268.83,268.83,268.69,268.75,1161.0
2026-04-16T11:53:00Z,268.71,268.71,268.71,268.71,786.0
2026-04-16T11:54:00Z,268.5946,268.5946,268.5946,268.5946,421.0
2026-04-16T11:55:00Z,268.66,268.66,268.59,268.59,1328.0
2026-04-16T11:56:00Z,268.5819,268.7187,268.5819,268.6975,1057.0
2026-04-16T11:57:00Z,268.72,268.72,268.62,268.7,1222.0
2026-04-16T11:58:00Z,268.6306,268.66,268.6306,268.66,1508.0
2026-04-16T11:59:00Z,268.6607,268.7,268.55,268.55,3873.0
2026-04-16T12:00:00Z,268.55,268.55,268.5,268.5,2990.0
2026-04-16T12:01:00Z,268.5883,268.5883,268.53,268.53,1543.0
2026-04-16T12:02:00Z,268.5,268.6,268.5,268.5,2694.0
2026-04-16T12:03:00Z,268.3994,268.3994,268.38,268.38,2161.0
2026-04-16T12:04:00Z,268.38,268.4,268.24,268.24,1448.0
2026-04-16T12:05:00Z,268.2074,268.35,268.2074,268.35,1694.0
2026-04-16T12:06:00Z,268.2682,268.2959,268.2682,268.2959,1023.0
2026-04-16T12:07:00Z,268.301,268.35,268.3,268.3,949.0
2026-04-16T12:08:00Z,268.38,268.38,268.27,268.27,733.0
2026-04-16T12:09:00Z,268.25,268.38,268.25,268.3795,1863.0
2026-04-16T12:10:00Z,268.26,268.3,268.2,268.21,2318.0
2026-04-16T12:11:00Z,268.25,268.25,268.15,268.17,1900.0
2026-04-16T12:12:00Z,268.15,268.2,268.1,268.1,3490.0
2026-04-16T12:13:00Z,268.0099,268.1418,267.99,268.0,4007.0
2026-04-16T12:14:00Z,268.02,268.02,267.84,267.85,1651.0
2026-04-16T12:15:00Z,267.85,267.85,267.79,267.79,1540.0
2026-04-16T12:16:00Z,267.8222,267.92,267.8222,267.92,402.0
2026-04-16T12:17:00Z,267.99,267.99,267.99,267.99,272.0
2026-04-16T12:18:00Z,267.86,267.86,267.86,267.86,538.0
2026-04-16T12:19:00Z,267.995,267.995,267.987,267.987,1004.0
2026-04-16T12:20:00Z,267.9804,267.9804,267.97,267.97,374.0
2026-04-16T12:21:00Z,267.95,267.97,267.82,267.85,3397.0
2026-04-16T12:22:00Z,267.8565,267.89,267.8565,267.87,590.0
2026-04-16T12:23:00Z,267.8293,267.8345,267.82,267.82,861.0
2026-04-16T12:24:00Z,267.86,267.87,267.85,267.85,3137.0
2026-04-16T12:25:00Z,267.83,267.83,267.83,267.83,1372.0
2026-04-16T12:26:00Z,267.82,267.85,267.82,267.85,834.0
2026-04-16T12:27:00Z,267.85,267.89,267.85,267.89,1001.0
2026-04-16T12:28:00Z,267.9,267.9746,267.9,267.9746,1471.0
2026-04-16T12:29:00Z,267.97,267.99,267.97,267.99,1733.0
2026-04-16T12:30:00Z,268.0,268.0,267.913,267.913,685.0
2026-04-16T12:31:00Z,267.9,267.9,267.86,267.86,1573.0
2026-04-16T12:32:00Z,267.94,268.0,267.88,268.0,988.0
2026-04-16T12:33:00Z,267.987,267.987,267.9052,267.9554,908.0
2026-04-16T12:34:00Z,268.0,268.02,267.94,268.0122,2079.0
2026-04-16T12:35:00Z,267.96,268.03,267.96,268.03,1503.0
2026-04-16T12:36:00Z,268.08,268.12,268.02,268.02,1368.0
2026-04-16T12:37:00Z,268.0,268.0,268.0,268.0,335.0
2026-04-16T12:38:00Z,268.04,268.07,268.04,268.07,720.0
2026-04-16T12:39:00Z,268.08,268.17,268.0032,268.17,1692.0
2026-04-16T12:40:00Z,268.14,268.1697,268.0287,268.11,2934.0
2026-04-16T12:41:00Z,268.09,268.09,268.0,268.0,597.0
2026-04-16T12:42:00Z,268.17,268.17,268.1044,268.1044,1405.0
2026-04-16T12:43:00Z,268.12,268.12,268.12,268.12,155.0
2026-04-16T12:44:00Z,268.1675,268.1675,268.1675,268.1675,415.0
2026-04-16T12:45:00Z,268.1399,268.15,268.04,268.15,2723.0
2026-04-16T12:46:00Z,268.1,268.15,268.1,268.12,7305.0
2026-04-16T12:47:00Z,268.14,268.14,268.01,268.01,908.0
2026-04-16T12:48:00Z,268.01,268.01,268.01,268.01,544.0
2026-04-16T12:49:00Z,268.1,268.144,268.1,268.144,1267.0
2026-04-16T12:50:00Z,268.14,268.21,268.14,268.21,5119.0
2026-04-16T12:51:00Z,268.17,268.17,268.05,268.05,2310.0
2026-04-16T12:52:00Z,268.1195,268.1195,267.9847,268.03,1492.0
2026-04-16T12:53:00Z,268.02,268.02,268.0,268.0,953.0
2026-04-16T12:54:00Z,267.97,268.1493,267.96,267.96,3239.0
2026-04-16T12:55:00Z,267.9897,268.02,267.9897,268.0,1568.0
2026-04-16T12:56:00Z,267.96,267.96,267.88,267.88,1557.0
2026-04-16T12:57:00Z,267.7501,267.76,267.7,267.7,3570.0
2026-04-16T12:58:00Z,267.7,267.7,267.7,267.7,1513.0
2026-04-16T12:59:00Z,267.7,267.7307,267.6843,267.6843,1021.0
2026-04-16T13:00:00Z,267.67,267.7,267.66,267.66,2442.0
2026-04-16T13:01:00Z,267.65,267.66,267.56,267.66,3158.0
2026-04-16T13:02:00Z,267.62,267.65,267.5886,267.5886,2037.0
2026-04-16T13:03:00Z,267.7565,267.7565,267.7565,267.7565,224.0
2026-04-16T13:04:00Z,267.7387,267.78,267.6669,267.68,1156.0
2026-04-16T13:05:00Z,267.7744,267.7744,267.7744,267.7744,1263.0
2026-04-16T13:06:00Z,267.581,267.581,267.581,267.581,921.0
2026-04-16T13:07:00Z,267.72,267.72,267.7,267.7,2196.0
2026-04-16T13:08:00Z,267.69,267.69,267.65,267.65,845.0
2026-04-16T13:09:00Z,267.69,267.69,267.6741,267.6741,763.0
2026-04-16T13:10:00Z,267.6725,267.6994,267.6529,267.6529,848.0
2026-04-16T13:12:00Z,267.64,267.64,267.63,267.63,1149.0
2026-04-16T13:13:00Z,267.59,267.66,267.5,267.5,2935.0
2026-04-16T13:15:00Z,267.52,267.52,267.4,267.4,3627.0
2026-04-16T13:16:00Z,267.43,267.5629,267.42,267.42,3171.0
2026-04-16T13:17:00Z,267.4,267.455,267.4,267.45,2312.0
2026-04-16T13:18:00Z,267.4486,267.6,267.42,267.45,3623.0
2026-04-16T13:19:00Z,267.45,267.45,267.36,267.36,2627.0
2026-04-16T13:20:00Z,267.36,267.4331,267.36,267.4331,571.0
2026-04-16T13:21:00Z,267.41,267.47,267.34,267.34,5819.0
2026-04-16T13:22:00Z,267.31,267.37,267.22,267.37,6436.0
2026-04-16T13:23:00Z,267.32,267.37,267.14,267.14,2770.0
2026-04-16T13:24:00Z,267.0645,267.36,267.0645,267.23,4036.0
2026-04-16T13:25:00Z,267.04,267.04,265.75,266.4138,72343.0
2026-04-16T13:26:00Z,266.22,266.42,266.05,266.15,55160.0
2026-04-16T13:27:00Z,266.27,266.35,266.0,266.34,23668.0
2026-04-16T13:28:00Z,266.3,267.05,266.25,266.53,42659.0
2026-04-16T13:29:00Z,266.54,266.8,266.3,266.42,25383.0
2026-04-16T13:30:00Z,266.8,267.16,265.24,266.055,1731702.0
2026-04-16T13:31:00Z,266.02,266.22,265.17,265.195,203099.0
2026-04-16T13:32:00Z,265.195,265.335,264.72,264.79,250114.0
2026-04-16T13:33:00Z,264.7955,264.83,264.21,264.22,286125.0
2026-04-16T13:34:00Z,264.25,264.28,263.78,264.1,237053.0
2026-04-16T13:35:00Z,264.11,264.13,263.44,263.72,256975.0
2026-04-16T13:36:00Z,263.7,264.13,263.59,263.7301,201116.0
2026-04-16T13:37:00Z,263.76,263.78,263.33,263.3797,242024.0
2026-04-16T13:38:00Z,263.35,263.8372,263.3101,263.649,187833.0
2026-04-16T13:39:00Z,263.61,263.62,262.97,263.0,291918.0
2026-04-16T13:40:00Z,263.0,263.055,262.5,262.63,252137.0
2026-04-16T13:41:00Z,262.63,262.79,262.2,262.54,290219.0
2026-04-16T13:42:00Z,262.54,262.9075,262.5,262.6215,189618.0
2026-04-16T13:43:00Z,262.62,263.05,262.5525,262.98,163204.0
2026-04-16T13:44:00Z,262.985,263.16,262.76,262.969,256682.0
2026-04-16T13:45:00Z,262.94,262.96,262.58,262.6099,183084.0
2026-04-16T13:46:00Z,262.61,262.78,262.02,262.2293,251876.0
2026-04-16T13:47:00Z,262.23,262.75,262.17,262.615,169202.0
