timestamp,close,vol,trade_count
2026-05-20T13:22:00Z,603.18,80,3
2026-05-20T13:30:00Z,601.03,1620,82
2026-05-20T13:31:00Z,599.725,1299,32
2026-05-20T13:32:00Z,600.865,960,27
2026-05-20T13:33:00Z,600.58,945,21
2026-05-20T13:34:00Z,600.71,829,35
2026-05-20T13:35:00Z,599.29,1218,66
2026-05-20T13:36:00Z,600.66,1310,25
2026-05-20T13:37:00Z,600.63,805,28
2026-05-20T13:38:00Z,601.11,1408,29
2026-05-20T13:39:00Z,601.64,1695,58
2026-05-20T13:40:00Z,601.015,680,23
2026-05-20T13:41:00Z,601.66,1507,44
2026-05-20T13:42:00Z,600.635,822,27
2026-05-20T13:43:00Z,600.19,1901,59
2026-05-20T13:44:00Z,600.4,1890,59
2026-05-20T13:45:00Z,600.715,2133,54
2026-05-20T13:46:00Z,601.83,1378,35
2026-05-20T13:47:00Z,601.975,2154,46
2026-05-20T13:48:00Z,602.2,1082,24
2026-05-20T13:49:00Z,601.11,1318,27
2026-05-20T13:50:00Z,601.135,633,21
2026-05-20T13:51:00Z,600.03,480,13
2026-05-20T13:52:00Z,600.38,923,30
2026-05-20T13:53:00Z,600.48,616,22
2026-05-20T13:54:00Z,600.07,800,30
2026-05-20T13:55:00Z,600.16,789,26
2026-05-20T13:56:00Z,600.48,1783,42
2026-05-20T13:57:00Z,600.55,676,22
2026-05-20T13:58:00Z,600.57,876,19
2026-05-20T13:59:00Z,600.16,1234,42
2026-05-20T14:00:00Z,599.53,931,31
2026-05-20T14:01:00Z,599.03,576,25
2026-05-20T14:02:00Z,599.33,437,28
2026-05-20T14:03:00Z,599.45,871,33
2026-05-20T14:04:00Z,600.08,342,17
2026-05-20T14:05:00Z,598.86,869,31
2026-05-20T14:06:00Z,599.81,789,18
2026-05-20T14:07:00Z,598.88,890,27
2026-05-20T14:08:00Z,598.29,1495,40
2026-05-20T14:09:00Z,598.01,792,25
2026-05-20T14:10:00Z,598.65,591,20
2026-05-20T14:11:00Z,598.14,471,25
2026-05-20T14:12:00Z,598.24,634,40
2026-05-20T14:13:00Z,598.34,485,20
2026-05-20T14:14:00Z,599.43,1595,55
2026-05-20T14:15:00Z,600.82,994,34
2026-05-20T14:16:00Z,601.51,870,32
2026-05-20T14:17:00Z,601.635,1190,29
2026-05-20T14:18:00Z,601.395,3148,58
2026-05-20T14:19:00Z,602.56,2724,56
2026-05-20T14:20:00Z,602.48,7049,136
2026-05-20T14:21:00Z,602.04,2275,46
2026-05-20T14:22:00Z,602.19,1003,26
2026-05-20T14:23:00Z,601.42,936,33
2026-05-20T14:24:00Z,600.4,921,49
2026-05-20T14:25:00Z,600.54,413,12
2026-05-20T14:26:00Z,601.25,576,19
2026-05-20T14:27:00Z,601.3,1937,14
2026-05-20T14:28:00Z,600.865,781,23
2026-05-20T14:29:00Z,601.29,1070,27
2026-05-20T14:30:00Z,601.68,312,15
2026-05-20T14:31:00Z,602.05,249,14
2026-05-20T14:32:00Z,602.33,476,25
2026-05-20T14:33:00Z,602.225,815,25
2026-05-20T14:34:00Z,602.04,536,30
2026-05-20T14:35:00Z,602,882,25
2026-05-20T14:36:00Z,602.34,539,16
2026-05-20T14:37:00Z,601.63,1105,25
2026-05-20T14:38:00Z,601.4,567,17
2026-05-20T14:39:00Z,601.33,314,13
2026-05-20T14:40:00Z,601.225,1008,21
2026-05-20T14:41:00Z,600.52,1072,34
2026-05-20T14:42:00Z,600.83,1695,48
2026-05-20T14:43:00Z,600.73,730,16
2026-05-20T14:44:00Z,600.91,1590,24
2026-05-20T14:45:00Z,601.04,1887,45
2026-05-20T14:46:00Z,601.6,935,23
2026-05-20T14:47:00Z,601.5,1106,27
2026-05-20T14:48:00Z,602.19,693,15
2026-05-20T14:49:00Z,602.91,1844,54
2026-05-20T14:50:00Z,603.52,583,18
2026-05-20T14:51:00Z,603.51,471,12
2026-05-20T14:52:00Z,604.155,319,14
2026-05-20T14:53:00Z,604.44,832,44
2026-05-20T14:54:00Z,604.68,434,12
2026-05-20T14:55:00Z,605.08,1151,30
2026-05-20T14:56:00Z,604.68,873,23
2026-05-20T14:57:00Z,604.57,964,29
2026-05-20T14:58:00Z,604.35,1388,47
2026-05-20T14:59:00Z,604.78,1319,41
2026-05-20T15:00:00Z,604.465,840,24
2026-05-20T15:01:00Z,604.29,1085,29
2026-05-20T15:02:00Z,604.56,1201,34
2026-05-20T15:03:00Z,604.745,2003,48
2026-05-20T15:04:00Z,604.695,1200,36
2026-05-20T15:05:00Z,604.715,1880,51
2026-05-20T15:06:00Z,604.64,1417,36
2026-05-20T15:07:00Z,604.105,997,25
2026-05-20T15:08:00Z,604.435,547,18
2026-05-20T15:09:00Z,604.8,1121,24
2026-05-20T15:10:00Z,604.56,894,22
2026-05-20T15:11:00Z,604.17,612,18
2026-05-20T15:12:00Z,604.31,485,18
2026-05-20T15:13:00Z,604.4,546,15
2026-05-20T15:15:00Z,605.98,1995,56
2026-05-20T15:16:00Z,607.47,1682,32
2026-05-20T15:17:00Z,606.585,4691,79
2026-05-20T15:18:00Z,606.56,6484,73
2026-05-20T15:19:00Z,607,1764,33
2026-05-20T15:20:00Z,607.4,1696,34
2026-05-20T15:21:00Z,607.04,1272,27
2026-05-20T15:22:00Z,606.85,216,13
2026-05-20T15:23:00Z,606.85,583,15
2026-05-20T15:24:00Z,607.22,3609,52
2026-05-20T15:25:00Z,607.1,1826,43
2026-05-20T15:26:00Z,607.085,1556,31
2026-05-20T15:27:00Z,607.72,1066,23
2026-05-20T15:28:00Z,606.29,2078,33
2026-05-20T15:29:00Z,605.56,359,15
2026-05-20T15:30:00Z,606.32,1487,36
2026-05-20T15:31:00Z,606.15,316,10
2026-05-20T15:32:00Z,606.18,654,27
2026-05-20T15:33:00Z,605.97,297,8
2026-05-20T15:34:00Z,605.94,302,14
2026-05-20T15:35:00Z,606.11,173,16
2026-05-20T15:36:00Z,606.1,4749,75
2026-05-20T15:37:00Z,605.61,19344,193
2026-05-20T15:38:00Z,606,832,21
2026-05-20T15:39:00Z,605.91,1121,23
2026-05-20T15:40:00Z,606.17,1034,32
2026-05-20T15:41:00Z,606.44,156,11
2026-05-20T15:42:00Z,605.79,923,29
2026-05-20T15:43:00Z,605.895,336,15
2026-05-20T15:45:00Z,606.1,384,26
2026-05-20T15:46:00Z,606.24,253,10
2026-05-20T15:47:00Z,606.03,355,22
2026-05-20T15:48:00Z,605.965,241,8
2026-05-20T15:49:00Z,606.16,527,10
2026-05-20T15:50:00Z,606.19,174,11
2026-05-20T15:51:00Z,606.1,458,14
2026-05-20T15:52:00Z,606.36,308,9
2026-05-20T15:53:00Z,606.39,398,17
2026-05-20T15:54:00Z,606.21,671,25
2026-05-20T15:55:00Z,606.42,109,9
2026-05-20T15:56:00Z,606.49,178,11
2026-05-20T15:57:00Z,606.43,961,31
2026-05-20T15:58:00Z,606.34,625,19
2026-05-20T15:59:00Z,606.095,124,9
2026-05-20T16:00:00Z,606.2,210,12
2026-05-20T16:01:00Z,606.32,208,10
2026-05-20T16:02:00Z,606.18,672,23
2026-05-20T16:03:00Z,605.38,1253,27
2026-05-20T16:04:00Z,605.61,214,15
2026-05-20T16:05:00Z,605.56,272,15
2026-05-20T16:06:00Z,605.45,548,22
2026-05-20T16:07:00Z,605.31,260,13
2026-05-20T16:08:00Z,604.82,559,17
2026-05-20T16:09:00Z,604.875,315,10
2026-05-20T16:10:00Z,604.875,399,26
2026-05-20T16:11:00Z,604.72,657,20
2026-05-20T16:12:00Z,604.97,557,27
2026-05-20T16:13:00Z,605.16,484,17
2026-05-20T16:14:00Z,605.28,334,22
2026-05-20T16:15:00Z,605.45,719,23
2026-05-20T16:16:00Z,605.01,297,26
2026-05-20T16:17:00Z,604.895,85,8
2026-05-20T16:18:00Z,604.81,419,18
2026-05-20T16:19:00Z,604.925,268,12
2026-05-20T16:20:00Z,604.465,1033,29
2026-05-20T16:21:00Z,604.225,1272,34
2026-05-20T16:22:00Z,604.85,438,29
2026-05-20T16:23:00Z,604.71,525,15
2026-05-20T16:24:00Z,604.39,612,23
2026-05-20T16:25:00Z,604.45,712,16
2026-05-20T16:26:00Z,604.33,467,15
2026-05-20T16:27:00Z,604.725,248,10
2026-05-20T16:28:00Z,604.27,534,14
2026-05-20T16:29:00Z,604.03,484,17
2026-05-20T16:30:00Z,603.55,827,28
2026-05-20T16:31:00Z,604.015,443,22
2026-05-20T16:32:00Z,603.69,295,9
2026-05-20T16:33:00Z,603.585,339,10
2026-05-20T16:34:00Z,603.83,287,11
2026-05-20T16:35:00Z,603.605,211,10
2026-05-20T16:36:00Z,603.73,2871,63
2026-05-20T16:37:00Z,603.66,364,14
2026-05-20T16:38:00Z,604.09,358,17
2026-05-20T16:39:00Z,603.905,530,21
2026-05-20T16:40:00Z,604.18,360,22
2026-05-20T16:41:00Z,604.445,302,11
2026-05-20T16:42:00Z,604.43,204,8
2026-05-20T16:43:00Z,604.8,863,48
2026-05-20T16:44:00Z,604.91,635,17
2026-05-20T16:45:00Z,604.97,127,10
2026-05-20T16:46:00Z,605.13,422,15
2026-05-20T16:47:00Z,604.61,844,29
2026-05-20T16:48:00Z,603.88,487,18
2026-05-20T16:49:00Z,603.99,1039,30
2026-05-20T16:50:00Z,604.21,730,22
2026-05-20T16:51:00Z,604.32,204,10
2026-05-20T16:52:00Z,604.44,81,7
2026-05-20T16:53:00Z,604.49,167,14
2026-05-20T16:54:00Z,604.68,181,7
2026-05-20T16:55:00Z,604.59,224,10
2026-05-20T16:56:00Z,604.62,229,9
2026-05-20T16:57:00Z,604.465,426,18
2026-05-20T16:58:00Z,604.23,859,33
2026-05-20T16:59:00Z,604.75,325,17
2026-05-20T17:00:00Z,604.98,826,24
2026-05-20T17:01:00Z,605.12,604,19
2026-05-20T17:02:00Z,604.885,669,19
2026-05-20T17:03:00Z,604.655,913,22
2026-05-20T17:04:00Z,604.38,606,19
2026-05-20T17:05:00Z,604.54,279,18
2026-05-20T17:06:00Z,604.55,1201,22
2026-05-20T17:07:00Z,604.5,573,14
2026-05-20T17:08:00Z,604.32,986,21
2026-05-20T17:09:00Z,604.11,169,5
2026-05-20T17:10:00Z,604.13,325,9
2026-05-20T17:11:00Z,604.26,399,18
2026-05-20T17:12:00Z,604.27,556,16
2026-05-20T17:13:00Z,604.67,675,26
2026-05-20T17:14:00Z,605.12,330,7
2026-05-20T17:15:00Z,604.96,416,14
2026-05-20T17:16:00Z,604.995,285,7
2026-05-20T17:17:00Z,604.92,266,16
2026-05-20T17:18:00Z,605.16,277,13
2026-05-20T17:19:00Z,604.8,128,5
2026-05-20T17:20:00Z,604.51,535,16
2026-05-20T17:21:00Z,604.16,531,15
2026-05-20T17:22:00Z,604.14,349,21
2026-05-20T17:23:00Z,604.35,175,8
2026-05-20T17:24:00Z,604.41,299,15
2026-05-20T17:25:00Z,604.42,82,9
2026-05-20T17:26:00Z,604.71,925,29
2026-05-20T17:27:00Z,605.19,278,10
2026-05-20T17:28:00Z,605.18,940,24
2026-05-20T17:29:00Z,605.27,544,21
2026-05-20T17:30:00Z,605.295,338,13
2026-05-20T17:31:00Z,604.86,604,15
2026-05-20T17:32:00Z,604.98,2444,36
2026-05-20T17:33:00Z,604.44,455,15
2026-05-20T17:34:00Z,604.635,665,20
2026-05-20T17:35:00Z,605.095,1039,24
2026-05-20T17:36:00Z,605.625,1602,32
2026-05-20T17:37:00Z,605.205,1802,38
2026-05-20T17:39:00Z,605.35,259,9
2026-05-20T17:40:00Z,605.375,142,9
2026-05-20T17:41:00Z,605.46,348,15
2026-05-20T17:42:00Z,605.555,170,7
2026-05-20T17:43:00Z,605.4,408,11
2026-05-20T17:44:00Z,605.56,440,11
2026-05-20T17:45:00Z,605.56,42,2
2026-05-20T17:46:00Z,605.39,315,13
2026-05-20T17:47:00Z,605.26,355,14
2026-05-20T17:48:00Z,605.29,151,9
2026-05-20T17:49:00Z,605.5,337,11
2026-05-20T17:50:00Z,605.495,455,16
2026-05-20T17:51:00Z,605.31,84,5
2026-05-20T17:52:00Z,605.3,369,16
2026-05-20T17:53:00Z,605.39,608,23
2026-05-20T17:54:00Z,605.1,297,9
2026-05-20T17:55:00Z,604.97,206,6
2026-05-20T17:56:00Z,605.11,246,13
2026-05-20T17:57:00Z,604.815,323,18
2026-05-20T17:58:00Z,604.77,61,5
2026-05-20T17:59:00Z,604.95,159,10
2026-05-20T18:00:00Z,604.68,744,27
2026-05-20T18:01:00Z,604.6,260,10
2026-05-20T18:02:00Z,604.89,388,14
2026-05-20T18:03:00Z,604.95,465,15
2026-05-20T18:04:00Z,604.87,537,17
2026-05-20T18:05:00Z,604.78,760,18
2026-05-20T18:06:00Z,605.15,884,22
2026-05-20T18:07:00Z,604.96,371,14
2026-05-20T18:08:00Z,604.74,447,10
2026-05-20T18:09:00Z,604.775,346,12
2026-05-20T18:10:00Z,604.77,332,15
2026-05-20T18:11:00Z,604.61,282,9
2026-05-20T18:12:00Z,604.41,722,30
2026-05-20T18:13:00Z,604.58,263,9
2026-05-20T18:14:00Z,604.69,350,14
2026-05-20T18:15:00Z,604.71,407,17
2026-05-20T18:16:00Z,605.07,665,22
2026-05-20T18:17:00Z,604.89,319,11
2026-05-20T18:18:00Z,604.75,160,4
2026-05-20T18:19:00Z,604.78,261,7
2026-05-20T18:20:00Z,604.59,713,20
2026-05-20T18:21:00Z,604.91,482,19
2026-05-20T18:22:00Z,605.03,1002,21
2026-05-20T18:23:00Z,605.08,636,20
2026-05-20T18:24:00Z,604.8,577,26
2026-05-20T18:25:00Z,604.62,307,17
2026-05-20T18:26:00Z,604.755,273,8
2026-05-20T18:27:00Z,604.86,383,15
2026-05-20T18:28:00Z,604.95,219,7
2026-05-20T18:29:00Z,605.155,381,10
2026-05-20T18:30:00Z,605.38,391,15
2026-05-20T18:31:00Z,605.4,245,13
2026-05-20T18:32:00Z,605.475,374,14
2026-05-20T18:33:00Z,605.65,406,12
2026-05-20T18:34:00Z,605.77,392,18
2026-05-20T18:35:00Z,605.92,468,13
2026-05-20T18:36:00Z,605.75,292,16
2026-05-20T18:37:00Z,605.56,554,17
2026-05-20T18:38:00Z,605.77,432,13
2026-05-20T18:39:00Z,606.05,509,12
2026-05-20T18:40:00Z,606.2,519,18
2026-05-20T18:41:00Z,606.18,559,13
2026-05-20T18:42:00Z,606.07,308,10
2026-05-20T18:43:00Z,606.02,546,13
2026-05-20T18:44:00Z,605.91,530,19
2026-05-20T18:45:00Z,605.67,172,7
2026-05-20T18:46:00Z,605.84,632,17
2026-05-20T18:47:00Z,606.15,475,11
2026-05-20T18:48:00Z,606.54,452,15
2026-05-20T18:49:00Z,606.61,1429,28
2026-05-20T18:50:00Z,606.415,398,11
2026-05-20T18:51:00Z,605.745,514,17
2026-05-20T18:52:00Z,606.22,308,10
2026-05-20T18:53:00Z,606.52,540,12
2026-05-20T18:54:00Z,606.2,1443,30
2026-05-20T18:55:00Z,606.05,1314,30
2026-05-20T18:56:00Z,605.55,599,17
2026-05-20T18:57:00Z,605.785,1020,16
2026-05-20T18:58:00Z,605.895,450,15
2026-05-20T18:59:00Z,605.58,499,21
2026-05-20T19:00:00Z,605.57,907,18
2026-05-20T19:01:00Z,605.545,1205,27
2026-05-20T19:02:00Z,605.39,749,17
2026-05-20T19:03:00Z,604.78,490,14
2026-05-20T19:04:00Z,604.61,309,11
2026-05-20T19:05:00Z,603.665,1061,35
2026-05-20T19:06:00Z,603.29,877,29
2026-05-20T19:07:00Z,603.275,853,23
2026-05-20T19:08:00Z,602.815,1105,34
2026-05-20T19:09:00Z,603.06,3531,72
2026-05-20T19:10:00Z,602.88,637,21
2026-05-20T19:11:00Z,603.22,491,19
2026-05-20T19:12:00Z,603.6,529,23
2026-05-20T19:13:00Z,603.815,570,16
2026-05-20T19:14:00Z,603.89,656,21
2026-05-20T19:15:00Z,603.72,1464,39
2026-05-20T19:16:00Z,603.715,754,29
2026-05-20T19:17:00Z,603.475,605,15
2026-05-20T19:18:00Z,603.26,875,16
2026-05-20T19:19:00Z,603.345,1647,37
2026-05-20T19:20:00Z,603.31,370,17
2026-05-20T19:21:00Z,603.07,1152,36
2026-05-20T19:22:00Z,603.5,2190,42
2026-05-20T19:23:00Z,603.47,879,18
2026-05-20T19:24:00Z,603.48,573,12
2026-05-20T19:25:00Z,603.18,754,28
2026-05-20T19:26:00Z,603.15,435,20
2026-05-20T19:27:00Z,603.215,1116,31
2026-05-20T19:28:00Z,603.35,247,10
2026-05-20T19:29:00Z,603.48,490,21
2026-05-20T19:30:00Z,603.46,430,14
2026-05-20T19:31:00Z,603.535,919,33
2026-05-20T19:32:00Z,603.465,353,19
2026-05-20T19:33:00Z,603.495,666,24
2026-05-20T19:34:00Z,603.32,337,10
2026-05-20T19:35:00Z,603.54,1222,43
2026-05-20T19:36:00Z,603.51,4046,65
2026-05-20T19:37:00Z,603.685,3349,53
2026-05-20T19:38:00Z,603.6,1484,38
2026-05-20T19:39:00Z,603.71,3213,79
2026-05-20T19:40:00Z,603.68,6176,114
2026-05-20T19:41:00Z,603.8,1787,55
2026-05-20T19:42:00Z,603.99,1500,43
2026-05-20T19:43:00Z,603.985,2920,60
2026-05-20T19:44:00Z,603.845,1873,61
2026-05-20T19:45:00Z,603.845,977,48
2026-05-20T19:46:00Z,603.47,1629,62
2026-05-20T19:47:00Z,603.68,575,24
2026-05-20T19:48:00Z,604.2,999,43
2026-05-20T19:49:00Z,604.11,1137,46
2026-05-20T19:50:00Z,603.645,2508,76
2026-05-20T19:51:00Z,603.49,1490,44
2026-05-20T19:52:00Z,603.7,2008,55
2026-05-20T19:53:00Z,604.15,3230,77
2026-05-20T19:54:00Z,605.1,4714,123
2026-05-20T19:55:00Z,604.47,3564,91
2026-05-20T19:56:00Z,604.44,4743,147
2026-05-20T19:57:00Z,604.915,4850,153
2026-05-20T19:58:00Z,604.89,6752,182
2026-05-20T19:59:00Z,604.98,10190,326
2026-05-21T13:30:00Z,599.2,7889,123
2026-05-21T13:31:00Z,599.59,2455,55
2026-05-21T13:32:00Z,600.255,695,22
2026-05-21T13:33:00Z,600.16,915,40
2026-05-21T13:34:00Z,600.29,641,17
2026-05-21T13:35:00Z,600.61,978,29
2026-05-21T13:36:00Z,601.29,1220,34
2026-05-21T13:37:00Z,601.61,2014,40
2026-05-21T13:38:00Z,600.54,1222,36
2026-05-21T13:39:00Z,599.95,1605,37
2026-05-21T13:40:00Z,600.265,1817,48
2026-05-21T13:41:00Z,600.11,2358,47
2026-05-21T13:42:00Z,599.79,3338,65
2026-05-21T13:43:00Z,599.975,1955,60
2026-05-21T13:44:00Z,599.81,1537,39
2026-05-21T13:45:00Z,599.585,1444,36
2026-05-21T13:46:00Z,599.815,1302,23
2026-05-21T13:47:00Z,599.21,705,27
2026-05-21T13:48:00Z,599.32,1175,32
2026-05-21T13:49:00Z,599.22,1700,46
2026-05-21T13:50:00Z,598.94,3365,74
2026-05-21T13:51:00Z,599,737,32
2026-05-21T13:52:00Z,598.65,3830,93
2026-05-21T13:53:00Z,598.23,765,30
2026-05-21T13:54:00Z,598.365,1038,39
2026-05-21T13:55:00Z,597.47,1195,48
2026-05-21T13:56:00Z,597.06,1157,42
2026-05-21T13:57:00Z,596.98,1225,43
2026-05-21T13:58:00Z,596.48,1396,36
2026-05-21T13:59:00Z,595.54,1250,40
2026-05-21T14:00:00Z,595.545,979,33
2026-05-21T14:01:00Z,595.72,1674,48
2026-05-21T14:02:00Z,595.76,1142,24
2026-05-21T14:03:00Z,596.08,876,32
2026-05-21T14:04:00Z,596.05,862,22
2026-05-21T14:05:00Z,595.96,1209,40
2026-05-21T14:06:00Z,595.44,1335,32
2026-05-21T14:07:00Z,595.73,2004,58
2026-05-21T14:08:00Z,597.51,7043,130
2026-05-21T14:09:00Z,597.82,1300,41
2026-05-21T14:10:00Z,598.13,2516,62
2026-05-21T14:11:00Z,597.67,3558,74
2026-05-21T14:12:00Z,597.85,3935,78
2026-05-21T14:13:00Z,597.465,1877,54
2026-05-21T14:14:00Z,597.33,2026,56
2026-05-21T14:15:00Z,597.36,722,35
2026-05-21T14:16:00Z,597.975,797,29
2026-05-21T14:17:00Z,597.745,1508,43
2026-05-21T14:18:00Z,597.525,1687,49
2026-05-21T14:19:00Z,597.51,604,18
2026-05-21T14:20:00Z,597.81,1464,40
2026-05-21T14:21:00Z,596.65,1759,57
2026-05-21T14:22:00Z,597.12,1015,32
2026-05-21T14:23:00Z,596.91,531,17
2026-05-21T14:24:00Z,596.475,812,26
2026-05-21T14:25:00Z,596.69,324,13
2026-05-21T14:26:00Z,596.07,476,32
2026-05-21T14:27:00Z,596.89,1665,50
2026-05-21T14:28:00Z,596.705,1167,44
2026-05-21T14:29:00Z,596.9,931,30
2026-05-21T14:30:00Z,597.06,623,25
2026-05-21T14:31:00Z,597.12,687,16
2026-05-21T14:32:00Z,596.87,739,28
2026-05-21T14:33:00Z,596.89,437,17
2026-05-21T14:34:00Z,596.72,470,15
2026-05-21T14:35:00Z,597.165,691,20
2026-05-21T14:36:00Z,597.27,485,18
2026-05-21T14:37:00Z,597.23,1986,46
2026-05-21T14:38:00Z,597.67,1338,31
2026-05-21T14:39:00Z,597.5,317,13
2026-05-21T14:40:00Z,596.9,905,36
2026-05-21T14:41:00Z,597.195,924,21
2026-05-21T14:42:00Z,597.075,639,15
2026-05-21T14:43:00Z,597.11,1646,22
2026-05-21T14:44:00Z,597.285,941,22
2026-05-21T14:45:00Z,597.37,387,29
2026-05-21T14:46:00Z,596.99,325,18
2026-05-21T14:47:00Z,596.7,340,19
2026-05-21T14:48:00Z,596.76,1282,26
2026-05-21T14:49:00Z,596.88,1534,32
2026-05-21T14:50:00Z,596.775,565,15
2026-05-21T14:51:00Z,597.09,343,14
2026-05-21T14:52:00Z,597.595,343,18
2026-05-21T14:53:00Z,597.79,182,7
2026-05-21T14:54:00Z,598.08,1074,29
2026-05-21T14:55:00Z,598.5,812,20
2026-05-21T14:56:00Z,599.42,283,12
2026-05-21T14:57:00Z,599.615,618,39
2026-05-21T14:58:00Z,599.53,394,34
2026-05-21T14:59:00Z,599.68,666,23
2026-05-21T15:00:00Z,599.69,912,22
2026-05-21T15:01:00Z,599.66,802,24
2026-05-21T15:02:00Z,600.69,1498,30
2026-05-21T15:03:00Z,600.59,726,18
2026-05-21T15:04:00Z,600.77,1235,28
2026-05-21T15:05:00Z,600.19,460,21
2026-05-21T15:06:00Z,600.19,466,18
2026-05-21T15:07:00Z,600.51,532,17
2026-05-21T15:08:00Z,600.33,538,19
2026-05-21T15:09:00Z,600.49,149,14
2026-05-21T15:10:00Z,600.82,792,30
2026-05-21T15:11:00Z,601.01,489,15
2026-05-21T15:12:00Z,600.625,946,28
2026-05-21T15:13:00Z,601.94,404,15
2026-05-21T15:14:00Z,601.285,574,19
2026-05-21T15:15:00Z,601.23,505,23
2026-05-21T15:16:00Z,601.56,656,19
2026-05-21T15:17:00Z,601.92,827,30
2026-05-21T15:18:00Z,601.93,481,15
2026-05-21T15:19:00Z,601.88,184,6
2026-05-21T15:20:00Z,602.14,466,15
2026-05-21T15:21:00Z,601.26,3501,83
2026-05-21T15:22:00Z,601.18,1223,29
2026-05-21T15:23:00Z,600.97,2193,45
2026-05-21T15:24:00Z,600.7,351,13
2026-05-21T15:25:00Z,601.01,266,14
2026-05-21T15:26:00Z,601.04,118,7
2026-05-21T15:27:00Z,601.72,1707,48
2026-05-21T15:28:00Z,601.63,3179,45
2026-05-21T15:29:00Z,602.02,1709,40
2026-05-21T15:30:00Z,602.31,625,20
2026-05-21T15:31:00Z,601.62,639,39
2026-05-21T15:32:00Z,601.87,687,16
2026-05-21T15:33:00Z,601.75,828,21
2026-05-21T15:34:00Z,601.25,1508,36
2026-05-21T15:35:00Z,602.31,1438,34
2026-05-21T15:36:00Z,602.205,593,17
2026-05-21T15:37:00Z,602.49,1809,32
2026-05-21T15:38:00Z,603.125,1144,28
2026-05-21T15:39:00Z,603.61,672,19
2026-05-21T15:40:00Z,603.25,308,9
2026-05-21T15:41:00Z,603.12,1110,31
2026-05-21T15:42:00Z,603.45,635,17
2026-05-21T15:43:00Z,603.82,695,20
2026-05-21T15:44:00Z,603.17,560,19
2026-05-21T15:45:00Z,603.09,527,13
2026-05-21T15:46:00Z,602.75,962,25
2026-05-21T15:47:00Z,603.14,1084,25
2026-05-21T15:48:00Z,603.01,935,21
2026-05-21T15:49:00Z,603.19,513,17
2026-05-21T15:50:00Z,603.235,216,8
2026-05-21T15:51:00Z,603.445,201,7
2026-05-21T15:52:00Z,603.33,546,16
2026-05-21T15:53:00Z,603.915,496,14
2026-05-21T15:54:00Z,603.685,617,16
2026-05-21T15:55:00Z,603.58,111,5
2026-05-21T15:56:00Z,603.615,200,9
2026-05-21T15:57:00Z,604.01,567,14
2026-05-21T15:58:00Z,603.67,378,11
2026-05-21T15:59:00Z,603.69,192,6
2026-05-21T16:00:00Z,603.84,345,12
2026-05-21T16:01:00Z,603.7,337,16
2026-05-21T16:02:00Z,603.11,364,11
2026-05-21T16:03:00Z,602.98,204,5
2026-05-21T16:04:00Z,602.71,589,15
2026-05-21T16:05:00Z,602.665,594,17
2026-05-21T16:06:00Z,602.34,488,16
2026-05-21T16:07:00Z,602.59,69,5
2026-05-21T16:08:00Z,602.49,190,6
2026-05-21T16:09:00Z,602.54,608,16
2026-05-21T16:10:00Z,602,587,28
2026-05-21T16:11:00Z,601.85,577,17
2026-05-21T16:12:00Z,601.71,623,14
2026-05-21T16:13:00Z,601.44,729,27
2026-05-21T16:14:00Z,601.51,230,5
2026-05-21T16:15:00Z,601.69,615,24
2026-05-21T16:16:00Z,601.435,748,21
2026-05-21T16:17:00Z,601.615,438,10
2026-05-21T16:18:00Z,601.945,355,13
2026-05-21T16:19:00Z,601.94,516,20
2026-05-21T16:20:00Z,601.67,781,18
2026-05-21T16:21:00Z,601.85,199,7
2026-05-21T16:22:00Z,601.29,467,16
2026-05-21T16:24:00Z,601.43,160,3
2026-05-21T16:25:00Z,601.24,373,19
2026-05-21T16:26:00Z,601.31,1984,30
2026-05-21T16:27:00Z,601.62,109,4
2026-05-21T16:28:00Z,601.455,293,16
2026-05-21T16:29:00Z,601.095,419,22
2026-05-21T16:30:00Z,600.995,384,22
2026-05-21T16:31:00Z,600.63,363,26
2026-05-21T16:32:00Z,600.62,1680,49
2026-05-21T16:34:00Z,601.065,146,6
2026-05-21T16:35:00Z,601.11,329,23
2026-05-21T16:36:00Z,601.23,234,8
2026-05-21T16:37:00Z,600.96,374,24
2026-05-21T16:38:00Z,600.645,549,33
2026-05-21T16:39:00Z,600.71,230,10
2026-05-21T16:40:00Z,600.72,601,25
2026-05-21T16:41:00Z,600.56,528,29
2026-05-21T16:42:00Z,600.81,401,18
2026-05-21T16:43:00Z,600.65,273,15
2026-05-21T16:44:00Z,600.63,867,7
2026-05-21T16:45:00Z,600.935,204,7
2026-05-21T16:46:00Z,600.905,315,12
2026-05-21T16:47:00Z,601.06,420,12
2026-05-21T16:48:00Z,601.04,318,11
2026-05-21T16:49:00Z,601.03,170,5
2026-05-21T16:50:00Z,600.825,216,8
2026-05-21T16:51:00Z,601.23,287,8
2026-05-21T16:52:00Z,601.39,157,4
2026-05-21T16:53:00Z,601.59,329,10
2026-05-21T16:54:00Z,601.56,122,3
2026-05-21T16:55:00Z,601.73,50,3
2026-05-21T16:56:00Z,601.81,80,2
2026-05-21T16:57:00Z,601.81,135,7
2026-05-21T16:58:00Z,601.71,277,9
2026-05-21T16:59:00Z,601.89,175,6
2026-05-21T17:00:00Z,602.395,395,12
2026-05-21T17:01:00Z,602.58,92,3
2026-05-21T17:02:00Z,602.86,691,18
2026-05-21T17:03:00Z,602.86,654,15
2026-05-21T17:04:00Z,602.82,603,15
2026-05-21T17:05:00Z,602.885,425,14
2026-05-21T17:06:00Z,602.93,207,8
2026-05-21T17:07:00Z,602.7,218,6
2026-05-21T17:08:00Z,602.48,228,10
2026-05-21T17:09:00Z,602.655,266,8
2026-05-21T17:10:00Z,603.87,911,27
2026-05-21T17:11:00Z,604.38,1002,33
2026-05-21T17:12:00Z,603.965,509,15
2026-05-21T17:13:00Z,603.9,226,7
2026-05-21T17:14:00Z,604.375,373,10
2026-05-21T17:15:00Z,605.12,1110,20
2026-05-21T17:16:00Z,606.12,1071,23
2026-05-21T17:17:00Z,606.24,2192,69
2026-05-21T17:18:00Z,606.13,931,23
2026-05-21T17:19:00Z,606.39,1074,21
2026-05-21T17:20:00Z,607.52,1221,46
2026-05-21T17:21:00Z,607.72,559,27
2026-05-21T17:22:00Z,606.79,2447,64
2026-05-21T17:23:00Z,605.88,1603,43
2026-05-21T17:24:00Z,606.19,1435,32
2026-05-21T17:25:00Z,606.4,2099,49
2026-05-21T17:26:00Z,606.5,954,26
2026-05-21T17:27:00Z,606.45,733,25
2026-05-21T17:28:00Z,606.85,735,18
2026-05-21T17:29:00Z,607.09,606,19
2026-05-21T17:30:00Z,607.04,738,23
2026-05-21T17:31:00Z,606.995,932,31
2026-05-21T17:32:00Z,606.84,1774,46
2026-05-21T17:33:00Z,606.49,774,24
2026-05-21T17:34:00Z,606.57,441,19
2026-05-21T17:35:00Z,606.665,774,24
2026-05-21T17:36:00Z,606.685,570,84
2026-05-21T17:37:00Z,607.01,697,26
2026-05-21T17:38:00Z,607.15,382,14
2026-05-21T17:39:00Z,607.32,359,22
2026-05-21T17:40:00Z,608.25,1053,38
2026-05-21T17:41:00Z,608.92,496,21
2026-05-21T17:42:00Z,608.17,3561,99
2026-05-21T17:43:00Z,608.11,559,16
2026-05-21T17:44:00Z,608.3,661,17
2026-05-21T17:45:00Z,608.22,934,42
2026-05-21T17:46:00Z,608.535,502,17
2026-05-21T17:47:00Z,608.42,741,21
2026-05-21T17:48:00Z,608.605,461,22
2026-05-21T17:49:00Z,608.89,399,14
2026-05-21T17:50:00Z,608.55,179,11
2026-05-21T17:51:00Z,608.9,443,16
2026-05-21T17:52:00Z,608.82,1848,43
2026-05-21T17:53:00Z,608.92,343,17
2026-05-21T17:54:00Z,609.19,537,20
2026-05-21T17:55:00Z,609.2,635,26
2026-05-21T17:56:00Z,609.03,466,16
2026-05-21T17:57:00Z,609.41,357,11
2026-05-21T17:58:00Z,609.13,368,21
2026-05-21T17:59:00Z,609.08,650,19
2026-05-21T18:00:00Z,609.14,315,10
2026-05-21T18:01:00Z,608.76,1604,52
2026-05-21T18:02:00Z,608.64,481,23
2026-05-21T18:03:00Z,608.74,326,11
2026-05-21T18:04:00Z,608.055,1232,31
2026-05-21T18:05:00Z,608.26,643,26
2026-05-21T18:06:00Z,608.89,544,20
2026-05-21T18:07:00Z,608.83,811,22
2026-05-21T18:08:00Z,608.95,342,17
2026-05-21T18:09:00Z,608.75,583,22
2026-05-21T18:10:00Z,608.605,139,8
2026-05-21T18:11:00Z,608.44,381,9
2026-05-21T18:12:00Z,608.47,170,6
2026-05-21T18:13:00Z,608.54,831,24
2026-05-21T18:14:00Z,608.31,593,24
2026-05-21T18:15:00Z,608.15,511,26
2026-05-21T18:16:00Z,608.19,547,21
2026-05-21T18:17:00Z,607.89,379,12
2026-05-21T18:18:00Z,608.16,398,22
2026-05-21T18:19:00Z,608.165,174,10
2026-05-21T18:20:00Z,608.19,623,20
2026-05-21T18:21:00Z,608.485,460,18
2026-05-21T18:22:00Z,608.4,535,18
2026-05-21T18:23:00Z,608.34,415,16
2026-05-21T18:24:00Z,608.625,155,9
2026-05-21T18:25:00Z,608.52,550,21
2026-05-21T18:26:00Z,608.49,469,16
2026-05-21T18:27:00Z,608.17,545,16
2026-05-21T18:28:00Z,608.305,256,17
2026-05-21T18:29:00Z,607.98,208,6
2026-05-21T18:30:00Z,607.88,389,16
2026-05-21T18:31:00Z,608.205,283,9
2026-05-21T18:32:00Z,608.115,617,25
2026-05-21T18:33:00Z,608.08,262,14
2026-05-21T18:34:00Z,608.13,543,14
2026-05-21T18:35:00Z,607.88,915,29
2026-05-21T18:36:00Z,607.87,298,11
2026-05-21T18:37:00Z,607.775,178,8
2026-05-21T18:38:00Z,607.685,238,9
2026-05-21T18:39:00Z,607.77,294,14
2026-05-21T18:40:00Z,607.93,347,10
2026-05-21T18:41:00Z,608.11,229,11
2026-05-21T18:42:00Z,608.335,393,11
2026-05-21T18:43:00Z,608.27,319,9
2026-05-21T18:44:00Z,608.3,605,17
2026-05-21T18:45:00Z,608.31,127,6
2026-05-21T18:46:00Z,608.26,555,14
2026-05-21T18:47:00Z,608.41,323,11
2026-05-21T18:48:00Z,607.72,1516,40
2026-05-21T18:49:00Z,607.49,200,5
2026-05-21T18:50:00Z,608.02,475,13
2026-05-21T18:51:00Z,607.9,103,7
2026-05-21T18:52:00Z,606.89,1102,32
2026-05-21T18:53:00Z,606.365,477,13
2026-05-21T18:54:00Z,605.87,289,17
2026-05-21T18:55:00Z,605.27,779,15
2026-05-21T18:56:00Z,605.23,551,19
2026-05-21T18:57:00Z,605.5,250,7
2026-05-21T18:58:00Z,605.16,479,17
2026-05-21T18:59:00Z,605.68,380,16
2026-05-21T19:00:00Z,605.62,382,13
2026-05-21T19:01:00Z,605.59,274,13
2026-05-21T19:02:00Z,605.9,271,10
2026-05-21T19:03:00Z,606.73,384,14
2026-05-21T19:04:00Z,606.655,223,13
2026-05-21T19:05:00Z,606.45,270,13
2026-05-21T19:06:00Z,606.17,945,30
2026-05-21T19:07:00Z,606.66,317,14
2026-05-21T19:08:00Z,607.52,1187,23
2026-05-21T19:09:00Z,607.12,346,19
2026-05-21T19:10:00Z,606.855,191,6
2026-05-21T19:11:00Z,606.9,333,11
2026-05-21T19:12:00Z,606.85,521,27
2026-05-21T19:13:00Z,606.745,206,14
2026-05-21T19:14:00Z,606.79,353,9
2026-05-21T19:15:00Z,606.94,717,27
2026-05-21T19:16:00Z,606.87,339,11
2026-05-21T19:17:00Z,606.98,372,17
2026-05-21T19:18:00Z,606.97,554,10
2026-05-21T19:19:00Z,607.08,611,18
2026-05-21T19:20:00Z,606.9,619,24
2026-05-21T19:21:00Z,606.67,355,8
2026-05-21T19:22:00Z,606.72,348,8
2026-05-21T19:23:00Z,606.45,580,14
2026-05-21T19:24:00Z,606.425,689,18
2026-05-21T19:25:00Z,606.525,666,19
2026-05-21T19:26:00Z,606.64,831,17
2026-05-21T19:27:00Z,606.445,191,7
2026-05-21T19:28:00Z,606.9,758,25
2026-05-21T19:29:00Z,606.85,674,24
2026-05-21T19:30:00Z,606.965,533,18
2026-05-21T19:31:00Z,606.66,469,12
2026-05-21T19:32:00Z,607.17,894,27
2026-05-21T19:33:00Z,606.97,711,21
2026-05-21T19:34:00Z,606.96,382,11
2026-05-21T19:35:00Z,607.25,492,12
2026-05-21T19:36:00Z,607.225,418,20
2026-05-21T19:37:00Z,607.25,628,23
2026-05-21T19:38:00Z,607.09,490,16
2026-05-21T19:39:00Z,607.19,573,26
2026-05-21T19:40:00Z,607.16,1784,39
2026-05-21T19:41:00Z,607.07,656,24
2026-05-21T19:42:00Z,607.05,560,28
2026-05-21T19:43:00Z,607.13,397,18
2026-05-21T19:44:00Z,607.44,435,19
2026-05-21T19:45:00Z,607.4,478,19
2026-05-21T19:46:00Z,607.5,487,22
2026-05-21T19:47:00Z,607.435,535,17
2026-05-21T19:48:00Z,607.145,772,25
2026-05-21T19:49:00Z,607.035,430,21
2026-05-21T19:50:00Z,606.93,4168,127
2026-05-21T19:51:00Z,606.86,2366,82
2026-05-21T19:52:00Z,606.69,1738,56
2026-05-21T19:53:00Z,606.205,2997,80
2026-05-21T19:54:00Z,606.43,4032,107
2026-05-21T19:55:00Z,606.46,2226,59
2026-05-21T19:56:00Z,607.2,2640,102
2026-05-21T19:57:00Z,607.38,3598,136
2026-05-21T19:58:00Z,607.405,6620,191
2026-05-21T19:59:00Z,607.335,11146,327
